subject,conditions,inhib_fail_prob,anti_rt,inhib_fail_rt,predicted_pro_rt,predicted_pro_prob,predicted_anti_rt,predicted_anti_prob,age
1,1,0.0699134773356398,4.23809552297708,2.2750398421606,2.21655773739412,0.0714898739047246,4.22943661058304,0.928510126095275,1
1,2,0.992053012127936,45.2365480228621,3.86134740180544,3.85481441817137,0.992049604736016,5.88090941936755,0.0079503952639836,1
2,1,0.251918732186694,3.41160733745807,1.87394299601487,1.8687269538677,0.252096355538821,3.26558908550752,0.747903644461179,0
2,2,0.878126445830095,9.41145487696496,2.41278309318188,2.41055962614641,0.877114810474823,3.47425504379494,0.122885189525177,0
3,1,0.104967741195954,3.01874641674713,1.8274439798383,1.79715473362726,0.10650091956542,3.00418594652949,0.89349908043458,1
3,2,0.97056496815339,20.9285835377652,2.64273042636515,2.63814836193648,0.970601038909418,1.92882196627543,0.0293989610905823,1
4,1,0.0502756340297616,3.49341032046543,2.24692445944791,2.16799516011183,0.0518243820496391,3.48745181637383,0.948175617950361,1
4,2,0.985207797175308,38.8894162979412,3.26861695082713,3.26322571056755,0.985214262775945,2.54520888622101,0.0147857372240544,1
5,1,0.56385771050511,4.42443879364153,1.97116107929966,1.96978665694591,0.563569170705221,3.65599163470806,0.436430829294779,1
5,2,0.915850824219805,10.7422309367636,2.11824110881768,2.1172810181387,0.915146630203132,3.83549234747949,0.0848533697968675,1
6,1,0.0549230711609456,2.91166987966771,1.98011896906154,1.90709544701728,0.0565962539470046,2.8972371936996,0.943403746052995,1
6,2,0.908589899783125,11.044626349875,2.69469192560423,2.68941328715631,0.908610213412946,2.82097032706473,0.0913897865870539,1
7,1,0.074622187922464,2.97701752362787,1.53782190650423,1.49727607451982,0.0762908763101959,2.97061281820272,0.923709123689804,0
7,2,0.993208982074241,48.6500807048219,2.46113819094572,2.45676539745833,0.993074709461427,2.93517274113281,0.00692529053857329,0
8,1,0.0999982881052428,3.58869945808314,2.00409876107038,1.97873459995426,0.1011594689161,3.57061899175824,0.8988405310839,0
8,2,0.970768796253748,19.8408213846752,2.60060147794127,2.59713513526357,0.970743980853721,2.27545841917715,0.0292560191462788,0
9,1,0.147187656870964,2.94074480233092,1.36180866748857,1.35308875962614,0.147909595979416,2.9293544924866,0.852090404020583,0
9,2,0.961713439103907,21.4420031340906,2.61970827920537,2.61766392814571,0.961323946049,5.89661257332382,0.0386760539510007,0
10,1,0.0271393623983211,3.37534111499927,2.59599225808882,2.52926064448215,0.0276867090471153,3.36670306233307,0.972313290952885,0
10,2,0.989844343041643,51.5545141426611,3.05997633334612,3.05804464328365,0.98921979345623,6.11096294459534,0.0107802065437698,0
11,1,0.0261279285633535,3.0666654208814,2.04965580846219,1.88302513348247,0.0280839962132912,3.06265200193421,0.971916003786709,0
11,2,0.983569948708182,35.4474676198452,2.67228128180629,2.66690551021028,0.983577565362475,3.6958199991631,0.0164224346375253,0
12,1,0.0391836480242091,3.58137183240588,1.5477047853978,1.50921303786594,0.0400520228831832,3.5782357280005,0.959947977116817,0
12,2,0.977433967690559,51.587335632173,3.82122226783116,3.81815999374519,0.9773069599079,17.5891316938724,0.0226930400920999,0
13,1,0.111540720146387,3.80849437890201,2.16340026918525,2.12849433633014,0.113091669709993,3.78496748999893,0.886908330290007,1
13,2,0.985349638240909,40.4693437799224,3.26166801248403,3.25617187940733,0.985236735732317,4.73680956073489,0.0147632642676826,1
14,1,0.0530173224543682,3.17471344978306,1.61362081300794,1.59367958178459,0.0535452944516041,3.17004109417814,0.946454705548396,0
14,2,0.978962959181089,33.7018063145883,2.79779359446085,2.79610362316613,0.978430952880102,3.85112756022301,0.0215690471198977,0
15,1,0.0988898549421306,3.30278349158937,2.47142146694419,2.42163690576106,0.100731027840621,3.27715243351172,0.899268972159379,0
15,2,0.97832184011672,25.1405101754833,2.81219628608038,2.80626477827753,0.978285095563553,2.68561303116724,0.0217149044364467,0
16,1,0.0485506240567089,2.7615670016332,1.53777199438688,1.4345534194588,0.0528209636807942,2.76045464678611,0.947179036319206,0
16,2,0.983781133316641,23.079066323537,2.6080669674844,2.59804924554384,0.983822010726806,5.85484988588459,0.0161779892731944,0
17,1,0.11659952315166,4.16807353156368,2.22027988718833,2.18782630428362,0.118012417687398,4.14642421505487,0.881987582312601,1
17,2,0.955189786107591,20.6449383691857,3.19270693680846,3.18737635204461,0.955247668279333,4.69997896048365,0.0447523317206668,1
18,1,0.17410012772037,2.97309594820707,2.15129426839601,2.11701590498722,0.176257323374277,2.93663241488362,0.823742676625723,1
18,2,0.971514913426445,19.3698863867779,2.36083189612019,2.35451286125327,0.971557711777842,2.11817625034657,0.028442288222158,1
19,1,0.124010518130279,3.17966670969116,1.51782944681874,1.49680596396634,0.125464271941515,3.17073203404729,0.874535728058485,0
19,2,0.967135800374253,21.1795248082767,2.47987666487206,2.4756250833417,0.967172223446773,6.12847625472171,0.0328277765532268,0
20,1,0.123055489454231,3.96474509527447,2.49734952439263,2.46487318567225,0.124391283689224,3.9444212140756,0.875608716310776,1
20,2,0.975215822177248,25.6765229012949,3.05662019380815,3.05188390704866,0.975182923030948,2.31306612146749,0.0248170769690517,1
21,1,0.185866128059956,4.18381241955586,2.88143341052344,2.88084209099043,0.185630788540691,4.09248610211029,0.814369211459309,1
21,2,0.927446003256982,19.3080118370248,3.7313077085944,3.73118267199305,0.926157212010336,4.71614575694177,0.0738427879896646,1
22,1,0.314476270808158,4.19572759394769,2.13625963691491,2.13173760653661,0.31461194928345,4.05648857687774,0.68538805071655,1
22,2,0.914308103683409,14.658504616589,3.16425466859187,3.16207386209464,0.913496930676285,4.38157406911264,0.0865030693237148,1
23,1,0.380473481137065,4.72409608016833,2.00669399379253,2.00278635674902,0.38070457510222,4.55632335441295,0.61929542489778,1
23,2,0.87286076147936,14.4241990775055,3.55075571465501,3.54830123999138,0.872319562902958,5.96116598166823,0.127680437097042,1
24,1,0.06444074170821,3.24476172582931,1.58783196491168,1.54479969164437,0.0660164895895142,3.24019081558942,0.933983510410486,0
24,2,0.994169614367921,66.8172906457484,2.66962832804263,2.66510100284354,0.994160577904638,8.65304670976532,0.00583942209536214,0
25,1,0.0295323714356223,4.32128407994516,1.60886029360055,1.49513915549585,0.0314106607961742,4.31894691059143,0.968589339203826,0
25,2,0.969700420476608,38.2138720861221,3.317741926273,3.31147854866755,0.969526542634445,12.7274405492287,0.0304734573655556,0
26,1,0.164824191335275,2.98572027671714,1.70779737998242,1.69613917066415,0.165722984314312,2.94017991781179,0.834277015685688,1
26,2,0.965885558356234,23.1520538735181,2.665877497844,2.66295662931397,0.965551457678339,4.97418891336519,0.0344485423216606,1
27,1,0.0395697827541642,3.25494725620064,2.30699445527181,2.23985424150008,0.0405888033301272,3.24517671181547,0.959411196669873,0
27,2,0.977599588790666,26.9915648054425,2.72207910369976,2.71836352543432,0.977626203466367,3.36861853040212,0.0223737965336331,0
28,1,0.244798426052644,3.64521115444996,1.95025029034478,1.94244712068946,0.245355364339046,3.59366072010261,0.754644635660954,1
28,2,0.60902158799811,4.15279351727157,2.63431930447366,2.6302649143403,0.608826092373813,3.22791976728206,0.391173907626187,1
29,1,0.0718151185149012,3.20322687669763,1.8336119151775,1.80694601965395,0.0726341055622714,3.19611514291047,0.927365894437729,0
29,2,0.978596453483799,29.8566504971939,2.83978864673992,2.8372104108183,0.97857646671309,6.42711185200529,0.0214235332869101,0
30,1,0.0579238774190955,3.94671124706026,2.12847562115246,2.07893569881898,0.0590777301203261,3.94229142413192,0.940922269879674,1
30,2,0.987574624650208,54.3651483197776,3.41168045395453,3.40752143176202,0.98755582051956,9.73505012115367,0.0124441794804403,1
31,1,0.0864745822629119,4.2238011343948,1.54262059484272,1.52272389850233,0.08737621852265,4.21856836554227,0.91262378147735,1
31,2,0.9741127867126,44.4451540031848,3.44166771706261,3.43829221009647,0.973787848945639,18.8755867517578,0.0262121510543612,1
32,1,0.0692242880368506,3.12544768946591,1.58573141872297,1.55969277008051,0.0702227483740444,3.12221622722037,0.929777251625955,0
32,2,0.978108650004232,41.1688015163036,2.97230296128909,2.96908145574429,0.978122304696058,9.13142101384547,0.0218776953039416,0
33,1,0.215573171026327,3.33744266041431,2.18311825144477,2.17157572645576,0.216457903038319,3.24220678973782,0.783542096961681,0
33,2,0.963422054215841,19.6897365840124,2.6854539095224,2.68231636513992,0.963452888430768,2.94400033810605,0.0365471115692322,0
34,1,0.0859912029372516,4.22882326230749,1.77072319634186,1.73254468242372,0.0876061471510746,4.22577028685667,0.912393852848925,1
34,2,0.989123446862557,46.924850471607,3.19293935852251,3.1872761120661,0.989123740029994,2.74229346587192,0.0108762599700057,1
35,1,0.130357312044902,2.79132196435599,1.36501535738838,1.34969367668182,0.131520768145826,2.76842627062214,0.868479231854174,1
35,2,0.921523259722481,12.8954119234195,2.69596259591058,2.69236427194799,0.921177375559784,3.88066215111072,0.0788226244402156,1
36,1,0.0453567824129916,3.68682210644938,1.72607146250566,1.6665383377408,0.0466931586360027,3.68367777169952,0.953306841363997,0
36,2,0.981388840985225,27.4258326250744,2.54618440125512,2.54257536963732,0.981397843386026,2.93542062024058,0.0186021566139737,0
37,1,0.134166353641221,3.70647529264699,2.08149483654467,2.06505433307089,0.135041392463449,3.67217235135502,0.864958607536551,0
37,2,0.945315275879869,18.0698315721221,2.85094429307421,2.84785936434597,0.945294304920275,4.56427323988978,0.0547056950797253,0
38,1,0.123335885813401,3.6439854338246,1.51588622513396,1.49636552750048,0.12472565295803,3.63538398670658,0.87527434704197,0
38,2,0.984941988632465,49.172565216793,3.16465047345521,3.15970026811747,0.984612031506936,7.68083169973259,0.0153879684930642,0
39,1,0.0113519956619544,3.25305463329996,2.88708662969891,1.81117210480803,0.0177624359631628,3.24834001512096,0.982237564036837,0
39,2,0.993015387080062,41.894791857138,3.03221599297528,3.01545040678441,0.993015284630056,5.00977668138579,0.00698471536994403,0
40,1,0.0265119131184459,3.47876154261801,2.79108934996346,2.53627732520561,0.0293326333670194,3.47314199094783,0.970667366632981,1
40,2,0.96908145266905,15.8097832580299,3.00554874343696,2.99803191263088,0.969140728189834,3.42142139099881,0.0308592718101658,1
41,1,0.0231345236570958,3.82120120503999,3.15268615499232,2.57931797578533,0.0282518592041909,3.81158967322771,0.971748140795809,1
41,2,0.982571386242051,30.1053980865597,3.79946091336566,3.78219361503416,0.982611874811132,5.50699096516173,0.017388125188868,1
42,1,0.147591695989867,2.88013706058253,1.60415447642255,1.584569193602,0.149032469836606,2.85559618841515,0.850967530163394,0
42,2,0.985444430649866,35.4764841712168,2.44102543229806,2.43686945331986,0.985454100229286,5.68879842109004,0.0145458997707136,0
43,1,0.0467757842599149,3.34589727826334,1.84770427841555,1.81821598921369,0.0473869104641773,3.3393449185645,0.952613089535823,1
43,2,0.988687274208009,48.4143933915219,2.90621020163041,2.9039584541919,0.988037064545713,6.29707584315632,0.0119629354542866,1
44,1,0.138896381407132,3.21275454803426,1.74149997252233,1.71823434473412,0.140508296324585,3.18415917534304,0.859491703675415,0
44,2,0.629764731921633,3.90089277608503,2.47405053206211,2.46670378833022,0.6304432529568,3.45480250381157,0.3695567470432,0
45,1,0.251523507773959,2.97152807797545,1.42260726001962,1.41483562351454,0.252530129275439,2.90618345145305,0.747469870724561,1
45,2,0.919922746269496,10.5697900507885,2.54993706592715,2.54621362556357,0.920019805871939,2.54839294720614,0.0799801941280613,1
46,1,0.125929408306522,2.85849357181849,1.77716825488208,1.75534528961615,0.127231235905349,2.84605140525441,0.872768764094651,0
46,2,0.990155425658984,43.7825013495677,2.57369570685399,2.569836843687,0.990160097677581,3.58812684901911,0.00983990232241854,0
47,1,0.123679515330127,3.69559694465972,1.79299372349261,1.77140386061727,0.124904464437725,3.68633893311434,0.875095535562275,0
47,2,0.989722459470451,49.955589478063,2.86221132421619,2.85817497441589,0.989725594639959,9.09691927634916,0.0102744053600412,0
48,1,0.090247780757997,3.53296641043331,2.19026458766397,2.14963476350339,0.0917299238362442,3.52260417858145,0.908270076163756,1
48,2,0.972818714677688,22.9715388843668,2.57511785952438,2.570832301146,0.97284774324464,1.95158084924141,0.0271522567553602,1
49,1,0.119855602674094,3.2641948263722,1.89770279144633,1.87655555679868,0.120956345097599,3.24063918475556,0.879043654902401,0
49,2,0.972795261219254,23.106935296055,2.62012833145957,2.61696476978479,0.972441714564547,2.98383289895779,0.0275582854354529,0
50,1,0.234767395598976,3.27743856952218,1.76870166976277,1.75840877561371,0.23573107271284,3.23996091382175,0.76426892728716,1
50,2,0.955826673772877,15.087263763481,2.55521720942708,2.55185197654759,0.955781986923656,2.08207316495803,0.0442180130763437,1
51,1,0.331029910954091,4.32378948777961,2.27789636816841,2.26797369862153,0.331857704711904,4.0867636950757,0.668142295288096,1
51,2,0.869466665816062,10.4856789390907,2.86138246099232,2.85663622695473,0.869396050773709,3.89174646703973,0.130603949226291,1
52,1,0.149249761004322,4.9299622693232,2.13928759584401,2.11770456104969,0.150536223224889,4.8920799805197,0.849463776775111,1
52,2,0.928996412033808,18.6868921115201,3.27552600162474,3.27101900542349,0.928490183867409,5.97988373788598,0.0715098161325912,1
53,1,0.0875627942780928,2.83465120021904,1.46655692560032,1.42873357322643,0.0895988145413702,2.81698773246919,0.91040118545863,1
53,2,0.962850746462002,14.9992519806685,2.34143439878761,2.33594525660679,0.962677192799033,2.15824273073802,0.0373228072009676,1
54,1,0.0797497011827693,3.41982465718843,1.68607193611135,1.64348138420004,0.0814543399627074,3.41254005893201,0.918545660037293,0
54,2,0.981304131865301,38.5573734169291,2.92850075569504,2.92397963762779,0.980868213838046,6.70525243270874,0.0191317861619538,0
55,1,0.0534051723530941,3.7596016230134,1.44659386854121,1.39682630576516,0.0550935129731893,3.7555640556597,0.944906487026811,1
55,2,0.92967540639256,20.8092964762144,3.55807406944496,3.55158809997057,0.9294568435775,7.22746456429502,0.0705431564224997,1
56,1,0.0698795051826494,2.82242317591015,2.48006127187951,2.44384275760812,0.0707191073771071,2.79065127945552,0.929280892622893,0
56,2,0.988460554522599,39.938953607026,2.46071291745928,2.4584759966777,0.988463352714943,4.13851731153325,0.0115366472850573,0
57,1,0.140236218283381,4.11809161952762,2.24470766230846,2.21350498390686,0.141751655669627,4.05605883401265,0.858248344330373,1
57,2,0.915702473113092,17.9015899481601,3.52606107568184,3.51923324091092,0.915611249309178,6.67571314128486,0.0843887506908215,1
58,1,0.0734351957224253,4.18150400912458,2.92205124469406,2.85813886881274,0.0749906392280664,4.15249382573478,0.925009360771934,1
58,2,0.973030344553006,28.8693377789579,3.84525464714241,3.83909441339993,0.9730577709659,5.32432734422714,0.0269422290341,1
59,1,0.0750422169629457,3.45109433696858,2.34489633919336,2.31022761806346,0.0761116621624715,3.42602466740394,0.923888337837529,0
59,2,0.986923517212969,44.4608313670266,3.04633645417161,3.04267959757851,0.986645446259786,5.56005578491979,0.0133545537402143,0
60,1,0.0880482952608768,3.32145577352127,2.46850618224282,2.42120580439487,0.0894577933027368,3.30018992458966,0.910542206697263,1
60,2,0.951246988954415,18.0460840041858,3.03071014235471,3.02580308652564,0.951301287673411,3.49123482919923,0.0486987123265886,1
61,1,0.31767147649036,4.23735059832846,1.39838801627009,1.39176530559933,0.319021805818597,4.23156189287314,0.680978194181403,0
61,2,0.989314061654995,39.720295612388,2.12916514719747,2.12564269927021,0.989315624412482,21.6562389881992,0.0106843755875179,0
62,1,0.00348179704718736,3.8752185479404,3.29413336125929,1.82780858181351,0.00574098221479547,3.87397959870463,0.994259017785204,1
62,2,0.993110780415296,44.1046021090305,3.45410369269408,3.44769028076082,0.99310387674928,3.13269313843242,0.00689612325072041,1
63,1,0.257296627242245,4.53827117747331,2.09963735333376,2.09449908425765,0.257657244708388,4.4108064500274,0.742342755291612,1
63,2,0.96772017040913,27.3529390522633,3.37880979190121,3.37675341770665,0.967093887260538,5.73533684427009,0.0329061127394615,1
64,1,0.0163484439767101,3.29541791351235,3.14053216028177,2.84176655556815,0.0176407823454746,3.2883195450884,0.982359217654525,1
64,2,0.983838945632828,27.582431504243,3.10833495637356,3.10460342351203,0.983846583321358,2.58746462288221,0.016153416678642,1
65,1,0.0712998343407403,2.82406746470611,1.52976358816843,1.51029683914605,0.0720873767653939,2.81685484090449,0.927912623234606,0
65,2,0.989518785596312,44.3108003540456,2.49306719595853,2.49120843062087,0.989023770931126,3.54860028317965,0.0109762290688742,0
66,1,0.429106019473916,5.39201489619276,3.21247207414873,3.20603442758397,0.429245323182848,4.75857908222369,0.570754676817152,1
66,2,0.905723628581143,14.3126141635167,3.47953800615042,3.47635038943609,0.905073473989511,5.17325290036676,0.0949265260104891,1
67,1,0.234783728023273,3.79757868991589,1.68896724893118,1.67946842819142,0.235783464540673,3.77148963076802,0.764216535459328,0
67,2,0.926679924285216,15.3089869184799,2.79705497293667,2.79306049873516,0.926709249369747,4.62674283077148,0.0732907506302531,0
68,1,0.161976441621192,4.82496803071704,2.70382202502254,2.67635745703831,0.163305924474239,4.80455114600736,0.836694075525761,1
68,2,0.928968222526272,22.8380917773419,3.55348235947498,3.54722550659802,0.928871212751896,9.98468325054438,0.0711287872481044,1
69,1,0.1111121616574,3.14181833596463,1.63195712702669,1.60967964769906,0.11238163236807,3.12811058464474,0.88761836763193,0
69,2,0.98914827920939,40.8129214310895,2.52759186788282,2.52400108707782,0.989149364050499,3.66027076733481,0.0108506359495017,0
70,1,0.164831360978698,2.92508863057927,2.40863750884469,2.38269836406216,0.166230682797487,2.84430617884635,0.833769317202513,0
70,2,0.980992317376846,28.3407432344493,2.63505722502263,2.63017829655552,0.980822922589306,2.79214911764588,0.0191770774106938,0
71,1,0.12637236062914,3.71437372965524,2.24977859585282,2.22010325823895,0.127711069403144,3.68806235297919,0.872288930596856,1
71,2,0.970405234944224,31.7668390072015,3.48279871568221,3.47712845280835,0.970208693407106,6.20276238855947,0.0297913065928942,1
72,1,0.0314516606775307,3.39490590366273,2.44196748189457,2.31154258105242,0.0334223376754317,3.3919682233857,0.966577662324568,1
72,2,0.992718391420822,37.943578232644,2.89910206663696,2.89464506275711,0.992716117860818,15.2275311670828,0.0072838821391825,1
73,1,0.0514708381801561,3.44505825466677,1.82487361129232,1.77288988557485,0.0529673051848063,3.44070794575675,0.947032694815194,0
73,2,0.989814795552464,38.3687067701634,2.94526247082157,2.9411837983608,0.989814235452955,5.32981029462313,0.010185764547045,0
74,1,0.114863712549764,3.48115204855402,2.6955832341931,2.68121004825194,0.115142435199008,3.41811428507933,0.884857564800992,1
74,2,0.990121844457614,51.8745765343692,2.649768640738,2.64785560908439,0.988822992355417,4.91629318940437,0.0111770076445828,1
75,1,0.354375123356966,4.10500793111194,1.93132016106675,1.92728763935513,0.354606619906449,4.00025532305562,0.64539338009355,1
75,2,0.93384401018907,13.1462879490387,2.43260889607892,2.43006882172773,0.933534736220822,3.06557906201062,0.0664652637791778,1
76,1,0.073742472881711,3.91030804821612,2.43421858691894,2.38481205046868,0.0750939549924696,3.88864614615667,0.92490604500753,1
76,2,0.969805788512395,25.482321002118,3.13835198758607,3.13360095213523,0.96981271869113,5.27439074315471,0.0301872813088702,1
77,1,0.115930248495884,3.28038490310763,1.58492623321509,1.56821209600615,0.116987080334658,3.26554961343721,0.883012919665342,0
77,2,0.543459085239537,3.68388336020228,2.60240678121705,2.59660011586419,0.544004821924157,3.22544243189732,0.455995178075843,0
78,1,0.273344605763337,4.4880702474278,2.38332303096925,2.3711281200108,0.274291176698786,4.43519546402681,0.725708823301213,1
78,2,0.927315414244424,13.3833794574498,2.8873879569001,2.88270558470483,0.927160566399333,2.49330630496942,0.0728394336006669,1
79,1,0.0956609637029254,3.25092346714124,1.77356508266722,1.76313999056899,0.0961237792051338,3.23187958116035,0.903876220794866,0
79,2,0.932729887930863,17.4682723132354,3.09103638199975,3.08983331930281,0.932189855902399,5.10219106735829,0.0678101440976011,0
80,1,0.102058878120461,4.00378584122488,2.40669367886921,2.36943332840296,0.10358340697617,3.98622722195268,0.89641659302383,1
80,2,0.946432492042479,18.2068046564127,3.20894734222871,3.2032412395871,0.946500954811831,2.88477565940112,0.0534990451881688,1
81,1,0.045128288353284,3.48868246463573,1.51847671417878,1.46905452648572,0.0463395428755749,3.48499604343919,0.953660457124425,0
81,2,0.932505458495386,15.4304509759902,3.07531559161633,3.07122022277928,0.932389163252036,3.58131091261709,0.0676108367479636,0
82,1,0.131582807001833,2.88480089063836,1.50262755418543,1.48633496209798,0.132773271314014,2.87104645413458,0.867226728685985,0
82,2,0.983699352771887,29.366773831461,2.37113890144981,2.36787070462276,0.983698583612393,2.99935923283312,0.0163014163876068,0
83,1,0.023138317386527,3.0037444154001,2.90315984172498,2.64121881410692,0.025412133100844,2.99107755941611,0.974587866899156,0
83,2,0.995275732575327,57.5758879032481,2.48853208853826,2.4830542607059,0.995261193815918,2.15431004762386,0.00473880618408182,0
84,1,0.0325686147455988,2.90318843491441,2.38166050472813,2.27307082107595,0.033957101166667,2.89320705568235,0.966042898833333,0
84,2,0.974543598635982,23.9666668772781,2.95547694430572,2.95111599173685,0.974570562589257,2.3627028157055,0.0254294374107428,0
85,1,0.129865237877972,3.99623333541445,2.45534798404681,2.35795581865678,0.13513126999874,3.97345968446215,0.86486873000126,0
85,2,0.983633980145284,36.0723956088538,3.0536277626246,3.03742234129012,0.983670277121533,13.0531406203992,0.0163297228784668,0
86,1,0.379054811322316,3.74527799024688,1.92282206591538,1.91693815207358,0.379528744919873,3.59036841321788,0.620471255080127,1
86,2,0.905013358709014,12.9889235443787,2.7238384622746,2.72035538326399,0.904561406287925,4.78165273954332,0.0954385937120742,1
87,1,0.195482078558478,3.61477928625172,2.3217901075219,2.30983525945185,0.196178309030748,3.55101407571576,0.803821690969252,1
87,2,0.956845593231793,27.8117815875914,3.55887514114896,3.55555394279747,0.956327335514794,8.3876646807677,0.0436726644852062,1
88,1,0.101057932858651,3.72377195571698,2.22415821116634,2.17780237919688,0.103131290074656,3.71518367264711,0.896868709925344,0
88,2,0.989438352977291,40.9929781894752,2.79354393238,2.78784500398081,0.989444278998458,10.7904116427117,0.0105557210015419,0
89,1,0.0044068084054643,3.04265743961155,2.61850914435331,1.89778241302888,0.00562437946250188,3.04182087286707,0.994375620537498,1
89,2,0.992975676136335,42.4276046368894,2.97031978798686,2.96713013071305,0.99297361963656,2.66745414791604,0.00702638036343934,1
90,1,0.0428716671824883,3.25073161874766,2.53545532046185,2.48358108138933,0.0434418380847532,3.22641769339328,0.956558161915247,0
90,2,0.986645427095841,33.5340327238819,2.79674482133267,2.79502390658366,0.98639313884748,3.27751468450975,0.0136068611525199,0
91,1,0.00698379405321696,3.49158055641152,2.34038945648969,1.80015439475997,0.00811616550098007,3.48771194715269,0.99188383449902,0
91,2,0.991462878033019,44.3077724703146,2.61932449795051,2.61626454736086,0.990945202041429,3.12953901348417,0.00905479795857072,0
92,1,0.0809193141906852,3.44012068605405,2.02125202976922,1.97710670405895,0.082433125488743,3.41540246409949,0.917566874511257,0
92,2,0.917829686303408,14.6946645166238,3.1445893488867,3.13894289440227,0.91795368097717,3.85329405858203,0.0820463190228301,0
93,1,0.0553091970223986,4.29674772929317,2.50185640494651,2.4391795533816,0.0564770234768482,4.28349744872773,0.943522976523152,0
93,2,0.989979478242674,65.3564827383033,3.34715423688003,3.3429703405684,0.989982562496364,10.6404061065115,0.0100174375036358,0
94,1,0.0369427642053582,3.32011903754182,1.43273151777013,1.3823340093444,0.0381835763166555,3.31502986222901,0.961816423683345,0
94,2,0.979692252731338,36.0485094318842,3.17734939302525,3.17327156260784,0.978923477669723,3.64564308962738,0.0210765223302774,0
95,1,0.0711702435181042,2.71097741825751,1.63466206000059,1.62039065955827,0.071642708475364,2.701370810431,0.928357291524636,0
95,2,0.97348749663398,17.6405099312103,2.38676193560808,2.38538477884261,0.972392496400404,2.06282176093094,0.0276075035995956,0
96,1,0.115871041374105,3.70573037619738,2.70541962963086,2.64892409441943,0.117863716504215,3.64953703659091,0.882136283495785,0
96,2,0.9639279241003,26.8898258585624,3.13028186537884,3.12313549670894,0.963990951660717,5.82220896535804,0.0360090483392826,0
97,1,0.239054406455922,4.1828829149885,1.70506774350588,1.69285574472179,0.240333255082258,4.12975835449382,0.759666744917742,1
97,2,0.913966190166713,14.014209648733,2.80632208354568,2.80150912197979,0.913981956929647,4.78306762278627,0.086018043070353,1
98,1,0.083202302688291,3.2107405318865,1.36765478125105,1.34478817328673,0.0844877307729055,3.20615132224868,0.915512269227094,0
98,2,0.97012043611051,25.0537444758472,2.91336181490731,2.90916028862639,0.970151590785519,3.91771914993697,0.0298484092144811,0
99,1,0.205201378485873,4.69316057934685,1.9854485399117,1.97425948347165,0.205983721815086,4.65663180793381,0.794016278184914,0
99,2,0.970459532902617,30.614181835133,3.04988435661905,3.04715485794897,0.969738607647074,8.61903414992706,0.0302613923529262,0
100,1,0.294971175345792,3.41275543727284,1.82048499640875,1.81481874353242,0.295387372359672,3.29021741175146,0.704612627640328,1
100,2,0.824936498293834,6.75472566504763,2.19366299277129,2.19094193068803,0.824587517231789,2.73499625527277,0.175412482768211,1
101,1,0.0047759807105467,3.52264885267368,3.51118748742332,2.51952819935804,0.00603224417749281,3.51940472136774,0.993967755822507,0
101,2,0.993968236137152,27.8328538694598,2.89827895726807,2.89545391683553,0.993963489672952,3.75226652885383,0.00603651032704784,0
102,1,0.0893286981369669,3.29981640058245,1.95790299557748,1.92208080272557,0.0908082998880699,3.28986232749297,0.90919170011193,1
102,2,0.967775389364968,22.3936600271814,2.85886226062704,2.85409849231194,0.967806773658359,2.67334980216872,0.0321932263416405,1
103,1,0.0442128866076463,2.83331868566247,2.46593307150299,2.34569754112009,0.0458436824298256,2.81861784720977,0.954156317570174,0
103,2,0.983185024680102,28.4466769701701,2.5495973584536,2.54497295257826,0.982831873626215,1.90850596377168,0.0171681263737851,0
104,1,0.0343539814616422,4.04773899668738,3.31077889839962,3.13677057257257,0.0361027668954058,4.03552022417015,0.963897233104594,0
104,2,0.992300736288079,45.1922552221429,3.21920173976557,3.2141248617181,0.992297186528646,5.83576045185245,0.00770281347135383,0
105,1,0.0995895153150978,4.26851893196204,2.97633720873695,2.93845620658358,0.100731282680933,4.22734218445305,0.899268717319067,1
105,2,0.983258591335701,38.5606384560915,3.31132028315989,3.30693960260891,0.98295301749102,4.88539697465276,0.0170469825089805,1
106,1,0.196340528873463,3.66859116623902,2.00112277062004,1.99228031883985,0.196806529466404,3.59548077624049,0.803193470533596,0
106,2,0.950224680966722,19.9843399373342,2.65262593889001,2.64930973784504,0.94930667570352,7.16922406411007,0.0506933242964797,0
107,1,0.0738506279840289,3.17766964714372,2.36680602477456,2.30668647430099,0.0755363313570458,3.15705303232839,0.924463668642954,1
107,2,0.959961447262374,19.3571097313005,2.88525047339326,2.87973266709942,0.959903661811498,2.82076362900179,0.0400963381885018,1
108,1,0.0769193474653483,3.12258492651364,2.1167337478892,2.06969688458624,0.0785526879356144,3.11086206075953,0.921447312064386,0
108,2,0.994236824704526,47.8001440687696,2.58860170235991,2.58433242444479,0.994228954165014,2.05569900928909,0.00577104583498566,0
109,1,0.0903555339813925,4.21265887261209,2.74631920160371,2.66362777699411,0.0935383793934844,4.195766525941,0.906461620606516,1
109,2,0.983292700323599,51.8185377545222,3.42850696831924,3.41884705773679,0.983317870673027,29.1707201200658,0.0166821293269728,1
110,1,0.248832454812857,4.16376910300971,2.91651147096222,2.89468346540496,0.250160585578734,3.99390184249935,0.749839414421266,0
110,2,0.978063178037933,28.1294728072287,2.85933548989141,2.85423621865671,0.978082859683075,2.46905578952607,0.0219171403169255,0
111,1,0.0877998133059707,4.35680370262479,2.84038637124048,2.772968393778,0.0896143009501234,4.32546425007568,0.910385699049876,1
111,2,0.942662535052583,33.1975985008959,4.68861679873886,4.67841372952895,0.942194571184374,12.3321551653356,0.0578054288156257,1
112,1,0.244014027142598,3.90561735469851,1.92203073298436,1.91311255320217,0.244718765119214,3.78678027090765,0.755281234880786,1
112,2,0.891644462554741,12.6124863055653,2.89108312458581,2.88750828420729,0.891183840586434,4.24594420839423,0.108816159413566,1
113,1,0.0658752035830137,2.78623890035319,2.23464794470004,2.18664882940321,0.0670764335854336,2.76716617950718,0.932923566414566,0
113,2,0.995863724529458,61.9424413015154,2.22180240418964,2.21896917271621,0.995855497554666,1.89267154514639,0.00414450244533362,0
114,1,0.428854230672774,3.38111209231956,1.8770146932136,1.8721102714683,0.429399688643763,3.08400644175146,0.570600311356237,0
114,2,0.881428300482929,8.38683171652323,2.19256365287478,2.1897503285414,0.881424550893984,2.47894466362325,0.118575449106016,0
115,1,0.277550296422654,3.94676507317285,1.78723516855275,1.77939023578458,0.278342212214921,3.83131207433722,0.721657787785079,1
115,2,0.916866888200794,10.9782230248559,2.50839157951568,2.50529967915291,0.916814532334626,2.31857268171234,0.0831854676653736,1
116,1,0.0160459518911379,3.17567764833313,3.23644443187773,2.9974077266514,0.0168867209880953,3.16496481115932,0.983113279011905,0
116,2,0.979372704808021,40.1957315422729,3.13954832301787,3.13664587752364,0.979363537376534,12.6561831755275,0.0206364626234659,0
117,1,0.398198253397061,4.62162630754911,2.02637787600612,2.02086481252431,0.398552977721949,4.54094029552181,0.601447022278051,1
117,2,0.949083556565552,19.4235485430226,2.80685514207068,2.80282720242213,0.948749280139076,5.47238637482258,0.0512507198609245,1
118,1,0.0965039477374246,2.95906135714366,1.74499405073524,1.70704879225618,0.0982991737094252,2.94419106536973,0.901700826290575,1
118,2,0.940672935875449,12.938368978291,2.52168208157156,2.5164097230332,0.940755935937834,1.83052828435339,0.0592440640621657,1
119,1,0.0889171029721728,2.74398111072286,2.02504781349082,1.99595354788788,0.0900835188347242,2.72211838795509,0.909916481165276,0
119,2,0.992978280391511,51.3647781687163,2.63855268600594,2.63524032398746,0.992973355968846,2.12060492299249,0.00702664403115418,0
120,1,0.0638571768798982,3.30557785904283,2.09781377991258,2.05231919010464,0.065191907128582,3.29379339317538,0.934808092871418,0
120,2,0.96456142053807,20.7025093863102,2.89098294342216,2.88669231287938,0.964600945222918,2.84263668121899,0.0353990547770824,0
121,1,0.0365738780646927,2.75692914879675,2.02588402368448,1.93988818550387,0.0378485610738158,2.75037498878249,0.962151438926184,0
121,2,0.988151289777003,30.1779622834645,2.35905987332764,2.35591227252601,0.988153367365324,1.83569117662295,0.0118466326346758,0
122,1,0.192534140622274,2.96090666698109,1.87167211896965,1.85826875237509,0.193528615087616,2.8885093541324,0.806471384912384,0
122,2,0.976225598084205,19.9023728875321,2.09455350627204,2.09177214394722,0.975917651934841,1.68463415371906,0.0240823480651586,0
123,1,0.715851622424411,5.18456893038663,1.96538278347278,1.9609571181469,0.716300127798699,3.82002487328181,0.283699872201301,1
123,2,0.824557025813162,6.83307176047317,2.28090911255733,2.27643505345386,0.82484177370887,3.02162567063077,0.17515822629113,1
124,1,0.229684440354334,3.89304121567071,2.4966023473757,2.48843594208288,0.230027983978174,3.73900850633504,0.769972016021826,1
124,2,0.864156034233276,11.2432485744581,3.05508356382442,3.05245319577244,0.863429841931338,3.91554276488908,0.136570158068662,1
125,1,0.211955746505689,3.9851910911579,1.94793714884474,1.93933030847823,0.212656621114984,3.91409468635792,0.787343378885016,1
125,2,0.939368339038675,16.2008774474582,2.65098274807206,2.64840975120119,0.939291804093632,4.69316408025524,0.0607081959063674,1
126,1,0.0735089799633684,3.07938601337777,2.45198607835622,2.40835616530546,0.0746893769950703,3.0343593743258,0.92531062300493,0
126,2,0.972325751930239,22.826279841561,2.67672114437626,2.67294897020787,0.972251786074327,3.18498986214595,0.0277482139256727,0
127,1,0.0169357433119927,3.69489711476294,2.88430547539476,2.52270350164803,0.0188897203076792,3.6902161924446,0.981110279692321,0
127,2,0.981423472182707,36.5092478569125,3.33253413432112,3.32603098368442,0.981440396780478,3.25443589107169,0.0185596032195217,0
128,1,0.0327119804175212,2.7288670065826,2.00306676370232,1.93046946015039,0.0337121855386726,2.72402583204658,0.966287814461327,0
128,2,0.983468106608164,28.3076946919153,2.49905865280685,2.49648538408258,0.98346980200296,2.00653253150721,0.0165301979970406,0
129,1,0.0728043504926481,3.23823766964408,3.02151609597354,2.96466649463277,0.074083688342123,3.1790881631488,0.925916311657877,1
129,2,0.95195630472145,17.2573747278569,2.90960708107013,2.90541050766491,0.95200779561452,2.61761578605721,0.0479922043854798,1
130,1,0.048106875249071,4.93510194813871,3.41746055527321,3.31969227439223,0.0491310163414752,4.91270106788579,0.950868983658525,1
130,2,0.973697357518131,42.2259241130808,3.89258408766466,3.88823238450738,0.973583589010423,10.800902911528,0.0264164109895768,1
131,1,0.0604262759660133,3.569598235975,1.98414542896699,1.92880748628626,0.0618096577045658,3.5563603044374,0.938190342295434,1
131,2,0.953773545955815,21.3707990429767,3.29487516279481,3.28985341302675,0.953752724496821,4.47772516129638,0.0462472755031793,1
132,1,0.518646817489288,4.56344569888347,2.26921412049972,2.26452209740116,0.51902530196922,4.16735905119967,0.48097469803078,1
132,2,0.87005928486027,9.20025884000178,2.4376247668345,2.43451505096,0.870049703228516,3.69588104626289,0.129950296771484,1
133,1,0.38549138019402,4.05280425641948,2.10827434713154,2.10061156967381,0.386189678932566,3.84196466416106,0.613810321067434,1
133,2,0.950827812441823,17.9514318960362,2.59002890505405,2.58559666882411,0.95070554983855,4.5487374940154,0.0492944501614499,1
134,1,0.115912405129121,3.54018109286691,2.55955311030892,2.50224490509699,0.11860354447333,3.4959933376153,0.88139645552667,0
134,2,0.991471675905447,37.1331085630639,2.75569641437411,2.74845777745067,0.991468894142602,9.2746968697835,0.00853110585739801,0
135,1,0.298064761729455,3.89457318591829,2.82302338374719,2.81784345494419,0.298229626168847,3.62567724461706,0.701770373831153,1
135,2,0.908180927469737,14.1220074580582,2.86595564439024,2.86421137584626,0.90755023841789,5.03169317068945,0.0924497615821097,1
136,1,0.0278177845006603,3.84093376943786,1.45749592251225,1.36310551539471,0.0295646127080572,3.84014762015546,0.970435387291943,1
136,2,0.996597222089643,103.05576348758,3.26237805674194,3.25665963212311,0.996586772113905,3.01226436360854,0.0034132278860951,1
137,1,0.0159214079201788,3.54589653675468,2.68696863015853,2.4485246455625,0.0170391882141022,3.54155825877763,0.982960811785898,0
137,2,0.995160053990408,65.7228798708283,2.69596014628991,2.69292078691029,0.995148624688889,2.84114768270016,0.00485137531111132,0
138,1,0.0527882615976905,3.2546064202446,1.81804574457575,1.7551580338762,0.0545725601390713,3.25078500874787,0.945427439860929,0
138,2,0.989833928038374,59.4249420919228,3.28470629833425,3.27851644250754,0.989832168844419,6.67240521852352,0.0101678311555816,0
139,1,0.338928438672877,4.95129133909254,2.66076005021374,2.65550906684347,0.339136502838833,4.50674372865791,0.660863497161167,1
139,2,0.896831427499875,13.3246483153985,3.08043093084312,3.07812263104027,0.896296645898995,4.62372723497295,0.103703354101005,1
140,1,0.197594456927164,3.42663677300654,1.55866245950083,1.54942534486378,0.198399116340788,3.40349431980669,0.801600883659212,1
140,2,0.97352591300388,21.8177587022457,2.52107497728328,2.51821798932863,0.972921033475093,4.00877742167282,0.0270789665249069,1
141,1,0.0503060767722164,3.25658945174749,1.89193052755128,1.84711307810927,0.05130716874137,3.25119029241449,0.94869283125863,0
141,2,0.989891273140655,35.989767754635,2.66991696442045,2.66708172732333,0.989889887549837,2.20116661937455,0.010110112450163,0
142,1,0.0491045795165022,3.47738507937127,2.04810468638405,2.00442441753495,0.0499694440127319,3.46798544042675,0.950030555987268,1
142,2,0.985441582142535,36.855803782428,3.09084908176641,3.08816464712906,0.985330162654872,2.75421461305752,0.0146698373451281,1
143,1,0.133746849571364,3.47127637310702,1.66109653362432,1.64218694386119,0.135038670858768,3.44840625189952,0.864961329141232,0
143,2,0.556374235782844,3.61772821807319,2.42178252733533,2.41534256287281,0.557022529376038,3.38042617317104,0.442977470623961,0
144,1,0.138340646241525,3.02798731134394,1.90270369560144,1.89039484917923,0.139078655308974,2.98793756082498,0.860921344691026,1
144,2,0.943596995391257,14.4428518624325,2.5331163523999,2.5307783318903,0.943578739173329,2.89712999235631,0.0564212608266712,1
145,1,0.0528724452064658,3.96937936184966,2.44638309596459,2.38194171169091,0.0540762320008062,3.95860268367761,0.945923767999194,1
145,2,0.992783487164164,105.156408772377,4.03004009986967,4.02493065178472,0.992778800323042,4.07559436225351,0.00722119967695819,1
146,1,0.104522646665222,3.0444869522538,2.19858110955637,2.17620050990965,0.105300384034842,3.01535806312088,0.894699615965158,0
146,2,0.951425708476661,13.6283471748046,2.44221992070002,2.43937430665126,0.951167283035604,2.07190907106699,0.0488327169643961,0
147,1,0.0610341022377757,3.18209780178743,2.15449430219336,2.05162002535288,0.063644811234291,3.17334865933087,0.936355188765709,1
147,2,0.987192836726459,35.7544069841051,2.60129904390981,2.59401727763314,0.987196395791455,2.78573974169376,0.0128036042085457,1
148,1,0.0329359576681391,3.58522681759161,2.10456196080043,1.99676809516643,0.0343795703814596,3.58143190956112,0.965620429618541,1
148,2,0.960273629090203,20.3673356675439,3.20018996525261,3.19525699642971,0.960310798593006,3.17457110336257,0.0396892014069936,1
149,1,0.368496723556002,4.52424753800036,1.90603476535868,1.9007456823546,0.368921386138695,4.36772577399993,0.631078613861305,1
149,2,0.897648618251386,10.6074231837682,2.54731526985503,2.54458936790598,0.897307740155673,3.05181746004062,0.102692259844327,1
150,1,0.172417144792543,2.94304525506457,1.94423409595697,1.93351608162457,0.1731937608762,2.9062153861451,0.8268062391238,1
150,2,0.867891519786781,9.01522183311919,2.75495920700753,2.75190506371017,0.867959527284122,2.6921054528277,0.132040472715878,1
151,1,0.0921418288120196,3.10786417093687,1.95662892543222,1.91737579995466,0.0937679957886112,3.09576873329249,0.906232004211389,0
151,2,0.99552400256011,64.4720397828313,2.47562562207056,2.47121584544574,0.995337693955406,2.00552560282743,0.00466230604459446,0
152,1,0.0595493281305348,3.85475294051393,2.72223485589149,2.66342428584448,0.0607398381575979,3.84069958624538,0.939260161842402,0
152,2,0.984348735636658,36.3178535162132,2.75939187451737,2.75589343161681,0.984357370465951,2.75309170911847,0.015642629534049,0
153,1,0.132950507579635,2.72732891145018,1.7028087250843,1.69048183302073,0.133554524535289,2.69549425744667,0.866445475464711,0
153,2,0.934971604265949,13.2662464876314,2.54671013036551,2.54413951807333,0.934102975989217,2.4541765209456,0.0658970240107827,0
154,1,0.0334307918641839,3.31304768325604,2.44024346305289,2.33944851627287,0.0345937983234923,3.30515418316893,0.965406201676508,0
154,2,0.977915486340651,31.2014096951504,2.93111716994995,2.92694661194539,0.977857268432337,5.41671488383713,0.0221427315676629,0
155,1,0.0210107597273587,2.81579097455803,2.75334970026503,2.51953230781497,0.0228478928215246,2.80701716106726,0.977152107178476,0
155,2,0.990335424211123,27.2189298450294,2.70956968438502,2.70539970469158,0.99033516414175,2.31707575267834,0.00966483585824941,0
156,1,0.0241602908177377,3.68616404093716,2.47659816699604,2.32288144835278,0.0254008461950525,3.67928907869841,0.974599153804948,0
156,2,0.974573371213996,31.3915407669963,3.29122004724695,3.28694495912451,0.974596461585876,3.69318284146763,0.0254035384141242,0
157,1,0.158878104650768,3.90375950404981,2.3965641924969,2.39413585607141,0.158883490485041,3.86126640640484,0.841116509514959,1
157,2,0.949858750854219,19.8018440662271,3.10229859087353,3.10178112107889,0.949049780776612,5.31648186922149,0.0509502192233881,1
158,1,0.0653652768865661,2.92962330588677,1.74847627233755,1.73028590608619,0.0659855637896747,2.91886237242179,0.934014436210325,0
158,2,0.959224557261161,15.8341705751486,2.40700326986057,2.40483610031247,0.959023883991786,2.53600254614192,0.0409761160082145,0
159,1,0.0205053036417234,3.05370402450159,2.20219317306114,2.04764180039937,0.0216115469571214,3.04846200879922,0.978388453042878,0
159,2,0.991494646266821,43.3783003106538,2.69941913917755,2.6963233857637,0.991410833863625,2.15519100709864,0.00858916613637491,0
160,1,0.0831633580674838,2.68550163058584,2.34685215718435,2.31090592748092,0.0842206352900026,2.65820081804137,0.915779364709997,0
160,2,0.989187354960122,34.9927185200193,2.41200681629915,2.40914923456804,0.989190426887573,2.95169430018071,0.0108095731124273,0
161,1,0.191957796980153,3.95690037735052,2.19479788054807,2.1886484288685,0.192312544971398,3.87585866724957,0.807687455028602,1
161,2,0.869220758368209,11.5644418554215,3.09204789761001,3.0901534869614,0.868942108360764,4.20178264018376,0.131057891639236,1
162,1,0.199558053438246,3.10280376210857,2.12294598588352,2.11436292450021,0.199939457982342,3.05035760809066,0.800060542017658,1
162,2,0.966693252099462,18.6961067330304,2.46133377473052,2.4589776476238,0.965662507598937,3.55643521599327,0.0343374924010628,1
163,1,0.163119520376236,3.26624052541997,1.67754192817828,1.66039961768065,0.164416736562574,3.24164590178915,0.835583263437426,0
163,2,0.971637165121917,30.2064020158516,2.84370067539369,2.83922833251783,0.971669239791609,9.59304275725069,0.0283307602083903,0
164,1,0.159884968994285,4.05165501878334,2.61220485412181,2.59628294077055,0.160673651550023,4.0164924707462,0.839326348449977,1
164,2,0.95844675545808,20.1347314011576,3.09868544700346,3.09561240533471,0.95848567623086,2.38581727872489,0.0415143237691399,1
165,1,0.209334949177183,4.09513563660415,2.75350662874347,2.73785367409337,0.210227570945816,3.99115938454803,0.789772429054184,1
165,2,0.96968097581003,30.1350201127102,3.70111256117122,3.69669370987751,0.969649015282707,4.41573920541335,0.0303509847172927,1
166,1,0.333899147287901,4.16175090128628,2.22928101990358,2.22464063711549,0.334171132004745,4.04822951629126,0.665828867995256,1
166,2,0.946714057030175,24.275407223287,3.36460164395869,3.36227017938997,0.946248685239468,8.87939452287348,0.0537513147605323,1
167,1,0.3449895089001,4.57631426924824,2.53961198334898,2.53484934719837,0.34497934962895,4.20630489597871,0.65502065037105,1
167,2,0.851142438370547,10.8067818213582,3.0335021496734,3.03100281349181,0.85020136051796,4.06130282785245,0.14979863948204,1
168,1,0.078788195269164,2.90635662203573,1.38912008667492,1.36013697027925,0.0802511285103844,2.90193343685823,0.919748871489615,0
168,2,0.988739129908656,36.634633355005,2.52225574986705,2.5182175211104,0.988554108907397,2.69068846734985,0.0114458910926031,0
169,1,0.0983057207753518,4.03148906681549,2.16568607278337,2.14326887457983,0.099156307635386,4.00834047652249,0.900843692364614,0
169,2,0.948784308847471,27.3960188688512,3.77976517534573,3.77616361180741,0.948276024038554,10.4024376202224,0.0517239759614463,0
170,1,0.143767331904379,2.96017170181257,1.61533890729187,1.60141530015578,0.144810919494189,2.93120011245639,0.855189080505811,1
170,2,0.958223078571553,18.4328320362781,2.54350659525045,2.54034329165982,0.957906554661852,3.82745809942067,0.042093445338148,1
171,1,0.0744406700059421,2.88446560624197,1.51850064495723,1.48950483372371,0.0756193905188549,2.877551502608,0.924380609481145,0
171,2,0.974971592153599,21.2457273465618,2.40865690503744,2.40517473575643,0.974891516738771,2.01440140598272,0.0251084832612293,0
172,1,0.166060854776709,3.45377981641928,1.65479581063512,1.63676457326858,0.167501945923604,3.42926712986224,0.832498054076396,1
172,2,0.940012035268346,17.9147553457204,2.99029895980268,2.98501432206218,0.940033914820531,4.30664963885325,0.0599660851794694,1
173,1,0.0239631775714538,2.97806910842786,1.97766331952397,1.83631236758001,0.0253583127373967,2.97523257692166,0.974641687262603,0
173,2,0.981276833840575,33.0092126242439,2.96034033608276,2.95611290361796,0.981276603036794,2.73566287919482,0.0187233969632064,0
174,1,0.135485067970455,3.6652707092006,1.65761045102898,1.64273986887447,0.136504915454509,3.65590956997738,0.863495084545491,1
174,2,0.969881101498215,37.681207266079,3.11279625390917,3.10873629052144,0.969919998197648,17.2795813882414,0.0300800018023524,1
175,1,0.476857008987828,4.95590480210144,2.60085216861245,2.59811952958844,0.476771542235988,4.67385769469451,0.523228457764012,1
175,2,0.947059989130813,28.2440901028207,3.86858529482866,3.86648118671503,0.946389408129862,9.71707285938748,0.053610591870138,1
176,1,0.0664049820870525,3.06141293540768,1.8148430839332,1.7025515381031,0.0720881133570777,3.05977248586462,0.927911886642922,0
176,2,0.974194549171761,12.389096087707,2.83184271385743,2.81746116441392,0.974297665658569,5.32350270518391,0.0257023343414312,0
177,1,0.172995777510264,3.44511540049883,2.36562569356062,2.35161317298226,0.173817254886147,3.36121167514799,0.826182745113852,0
177,2,0.921905003549746,12.9149014626635,2.72082674722036,2.71787435629847,0.921947176184277,2.99715787793984,0.0780528238157231,0
178,1,0.0526490361159457,4.26024410665043,3.23760903203918,2.99310190256088,0.0578368472793088,4.24999889982405,0.942163152720691,1
178,2,0.973046096251335,19.776772212678,3.60068542316236,3.58461085732801,0.973155042301957,4.09881468040652,0.0268449576980435,1
179,1,0.170340026734567,2.9421578200392,1.59165259820334,1.58149567182548,0.171145335742284,2.89962869140377,0.828854664257716,1
179,2,0.955753780916569,18.3780382654529,2.7829003835125,2.78021304982865,0.955374577353274,2.72774341823947,0.0446254226467258,1
180,1,0.0675505181177718,3.54994063154953,2.00831927305055,1.97277665024498,0.068692159365479,3.54272285500146,0.931307840634521,0
180,2,0.983802809362782,34.7168019175245,2.81817394577166,2.81463593303187,0.983801736173456,5.92234763659664,0.0161982638265444,0
181,1,0.140007303048045,3.71412235482314,2.15630414552278,2.14115781880379,0.140802183094163,3.66616578644817,0.859197816905838,0
181,2,0.982843424292462,37.6152995637017,2.91879215772137,2.91604640701803,0.982825135064917,5.5897780870449,0.0171748649350825,0
182,1,0.103733790097786,4.07626278388842,1.53747932043256,1.51645343276902,0.104818201867592,4.06756284355997,0.895181798132409,0
182,2,0.983568370019159,38.458304434226,3.06106529771916,3.05778727489788,0.982843456395421,8.15647923080222,0.0171565436045787,0
183,1,0.0421298096490446,3.32667269007396,2.00490089327763,1.94683868167454,0.0431176591717721,3.32170202165242,0.956882340828228,0
183,2,0.967185157050755,26.1165962841581,3.31781989105262,3.31439963623379,0.96709324491612,3.31498968133473,0.0329067550838798,0
184,1,0.00819014425023131,3.57304111723094,2.17731521239437,1.3455102565975,0.012281702228496,3.57218922236313,0.987718297771504,1
184,2,0.98833472234037,46.331404021064,2.86404302468748,2.8520675753875,0.988347402586225,3.83296857117063,0.0116525974137749,1
185,1,0.104972388962715,3.48828542541403,2.04184646651665,2.02272198869061,0.105762156396137,3.46484587556835,0.894237843603863,1
185,2,0.478780514700468,4.08357498792979,2.98424023116887,2.97888596041088,0.479029346460659,3.35925688930535,0.520970653539341,1
186,1,0.194654041706984,2.87412769339547,1.73943153076735,1.72838897574136,0.195630160097627,2.82901246825943,0.804369839902373,0
186,2,0.962659241752572,17.7073694457617,2.35322967001171,2.35018817072029,0.962667318001348,2.80032943468853,0.0373326819986522,0
187,1,0.0492632668045842,3.23137664411938,1.77861043137087,1.70885527862555,0.0507981114270844,3.22807624699478,0.949201888572916,1
187,2,0.988912629017178,50.285523795017,3.07372089096751,3.06870534058682,0.988917360413636,4.86705237460878,0.0110826395863633,1
188,1,0.254750448448332,3.20906599479423,1.59815916438582,1.59231944762522,0.25533903965625,3.17633841295938,0.74466096034375,0
188,2,0.925127150733896,13.7501410929635,2.63710040035156,2.63454369645579,0.924917674625647,3.79680362881501,0.0750823253743535,0
189,1,0.360232638667546,3.09021944539956,1.70789827557319,1.70398454857941,0.360560876373114,2.94739672791583,0.639439123626886,1
189,2,0.865645655945147,6.57182556644422,1.94703167756339,1.94513726470704,0.86536284642032,2.03463894410024,0.13463715357968,1
190,1,0.0814014086829289,2.76099845910829,1.73846753020541,1.69190254848351,0.0836645031110782,2.75649892781259,0.916335496888922,0
190,2,0.994611192899892,43.1267025653402,2.22853388768519,2.22348800751077,0.994596743818366,4.07713738149525,0.00540325618163419,0
191,1,0.126490375233516,3.684426664617,1.91097246906669,1.88001952400703,0.128262833851592,3.67617631410764,0.871737166148409,0
191,2,0.989702903900358,53.5643058281684,2.74699643934672,2.74148452018898,0.989598106432872,12.2229331299514,0.0104018935671278,0
192,1,0.0747032179179293,3.5004967376584,2.08718904216616,2.02368358120774,0.0770690725246095,3.49420370547211,0.922930927475391,1
192,2,0.994872994425286,48.9347549021144,2.48213230160916,2.47652343959141,0.99485916456473,2.08304708267454,0.00514083543526958,1
193,1,0.104856662205569,3.2318692430179,1.47928085160454,1.41843065543182,0.108612708675558,3.22780453996156,0.891387291324442,0
193,2,0.975711333520307,26.0817402767611,2.766198098097,2.75433410177089,0.975776240431528,2.17287022463065,0.0242237595684717,0
194,1,0.149904384308916,3.10506113435156,1.51748742304406,1.49888936263728,0.151395299102406,3.09120855040727,0.848604700897594,1
194,2,0.953891383836104,16.935631433356,2.55835801711629,2.55369418033304,0.953959884374371,3.55344247724292,0.0460401156256293,1
195,1,0.330203465547139,4.13915727400932,2.16173516013684,2.15412353858683,0.33093573156887,3.89251516066155,0.66906426843113,1
195,2,0.839223705157941,10.1995831501196,3.22895751896329,3.22438741696708,0.839282405276447,3.91255823763612,0.160717594723553,1
196,1,0.125370190733561,4.37033632485212,1.96437568769805,1.95459148090666,0.125820328378667,4.33996925763383,0.874179671621333,1
196,2,0.981480647833003,44.2520843329215,3.61056429504947,3.60831072536875,0.980785625965121,5.2162605438864,0.0192143740348789,1
197,1,0.107390820489853,2.94985604453505,1.74176639418864,1.72355313116942,0.108342565398634,2.92431514741112,0.891657434601366,1
197,2,0.954165283580044,15.8486197122876,2.45913195030923,2.45634201886768,0.954062043336441,2.5802075802641,0.0459379566635594,1
198,1,0.121242314153701,3.16708826197494,1.79054936085567,1.77467369101601,0.122113415360103,3.156028562027,0.877886584639897,0
198,2,0.984834533881992,33.1426588228993,2.54409701264256,2.54129078277548,0.984740606642681,4.97502313762526,0.0152593933573186,0
199,1,0.0596826637519688,3.9656499942413,1.93859043848351,1.89428004827336,0.0610121142156821,3.95929331060974,0.938987885784318,1
199,2,0.970104451349935,32.8450404154514,3.64465620203087,3.63919962959135,0.969713586401774,7.33862670062542,0.0302864135982252,1
200,1,0.116503184928943,2.71619738324743,2.15542701758922,2.13152920021056,0.117609998549512,2.6875114192807,0.882390001450487,0
200,2,0.986421699047525,31.3094836133,2.46034136427471,2.45724988942553,0.986421045690374,2.22138098441693,0.0135789543096265,0
201,1,0.0814647152422589,4.49517434923813,2.67521675631691,2.62725534886839,0.0827320806065793,4.47612524018052,0.917267919393421,1
201,2,0.935636873350324,19.0399984143393,3.58595628104494,3.5806489776395,0.93570997787497,4.71910712814216,0.0642900221250301,1
202,1,0.0649390217304946,4.04706849829627,2.52501426113554,2.49007397539221,0.065764008381042,4.03184990725163,0.934235991618958,1
202,2,0.538585763559642,4.56926886324735,3.46574461999413,3.45988816786881,0.538870414216651,3.57452690158033,0.461129585783349,1
203,1,0.0665331095279325,3.5502907915814,1.64384160243071,1.57041624046169,0.0691018635668489,3.5433405059173,0.930898136433151,0
203,2,0.968486954543571,25.4123286516086,3.19872251202889,3.19087223318345,0.968133776079957,2.68382976541006,0.0318662239200436,0
204,1,0.110525444384123,3.27723208300949,2.05917167732164,2.01872618492021,0.112505716898525,3.26115518128179,0.887494283101475,1
204,2,0.963192167739124,23.5126906232893,3.27541582059398,3.26788641318428,0.963241911020782,3.25027103362975,0.0367580889792176,1
205,1,0.464204226472189,3.39937857765026,1.2750407817852,1.27129896581295,0.465321479516368,3.39725493002166,0.534678520483632,0
205,2,0.995550432371287,62.3623904503985,1.57288588193832,1.57053367547322,0.995538632730541,44.408713662674,0.00446136726945868,0
206,1,0.00629591558226125,3.57229230694721,3.36906312627164,2.47541767021207,0.00788448585725511,3.56967051378346,0.992115514142745,1
206,2,0.989591357566204,31.8648512437546,3.11975172161964,3.11560712517373,0.989590492489816,3.12813688310787,0.0104095075101835,1
207,1,0.156255533149664,4.10532639617047,1.77639641284912,1.76552965373587,0.157003081263658,4.06075701214095,0.842996918736342,1
207,2,0.956159032727257,24.6930322274748,2.94647496736366,2.94417013966819,0.955727568860684,8.65650122895793,0.0442724311393164,1
208,1,0.0141377059468626,2.98733710557383,2.51405823949479,2.15567321566329,0.0168538763739448,2.98525750056004,0.983146123626055,1
208,2,0.995229675350023,43.7354691615567,2.99481174583185,2.98812330683012,0.99521557775779,3.20736548630812,0.00478442224220933,1
209,1,0.0538343792972416,2.79230025609828,1.24362384723102,1.22335970952762,0.0546362414648989,2.79086284944304,0.945363758535101,0
209,2,0.987859834829964,42.6872185261621,2.66804123789932,2.66578488975896,0.987863328711507,3.79574278714789,0.0121366712884935,0
210,1,0.206980744773308,4.85653079160703,2.64361572948088,2.63531171243287,0.207356449793098,4.79055782232277,0.792643550206902,1
210,2,0.943797046352502,25.6168902432591,3.99945843105485,3.99658457807097,0.943197630691411,8.33577431585918,0.0568023693085888,1
211,1,0.119443145888427,3.4670930057194,2.14316215042478,2.13620341785875,0.119633021265596,3.42494952135322,0.880366978734404,0
211,2,0.954714386526433,23.5846720777541,3.03771032015344,3.03662766031335,0.953885580765506,7.86374946020072,0.0461144192344938,0
212,1,0.131740252521922,4.0885357802476,2.46291579495792,2.42323642320264,0.133428960231256,4.06262104131144,0.866571039768744,1
212,2,0.960947615518671,29.5202445295395,3.49351947105919,3.48646656569137,0.961007558931278,7.55638238642042,0.0389924410687219,1
213,1,0.0546859565672543,3.00516108868384,2.03803782518756,1.924083632769,0.0577780256491309,2.99706906391688,0.942221974350869,0
213,2,0.99056870340227,47.537423397143,2.61233239067848,2.6036494696941,0.990255892230265,3.14140642099522,0.00974410776973553,0
214,1,0.167635125782369,2.92955406224839,2.19271109773257,2.17031817391639,0.169041924315559,2.87071790545753,0.830958075684441,0
214,2,0.992150511242783,44.5802218286328,2.46802670808772,2.46384298190277,0.992148641701866,3.24227073883127,0.00785135829813388,0
215,1,0.0763981370564877,3.84180285965934,2.4109522576888,2.40404391659699,0.0765896275819012,3.81508849188729,0.923410372418099,1
215,2,0.992097089942831,74.5300816837735,3.6425687750468,3.64179957987989,0.991911885439157,3.83038234789713,0.0080881145608426,1
216,1,0.0380988757176117,3.06537553405123,2.35446095684794,2.22158977804487,0.0400723729820135,3.05777146908774,0.959927627017987,1
216,2,0.992578546225218,37.2501640518862,2.6312259590972,2.6260518194052,0.992573002064945,2.47269896150666,0.00742699793505492,1
217,1,0.0098132413444811,3.29374195561839,2.89128075757489,2.33601085348997,0.0112545612180672,3.28724501868158,0.988745438781933,0
217,2,0.99267565867841,45.1989005108455,2.60241708771039,2.59894298140023,0.99266967791335,2.13091028831563,0.00733032208665013,0
218,1,0.219958196339318,3.57905334146586,1.8919352075104,1.8842014528534,0.220615488200811,3.54011131301445,0.779384511799189,1
218,2,0.955370475881005,18.3890989042083,2.81089535956983,2.808209270564,0.955152979612799,3.150244531709,0.0448470203872008,1
219,1,0.351152558551533,3.44233659214997,1.97660620610687,1.96986549778112,0.351762443411422,3.23901004733751,0.648237556588578,1
219,2,0.892840919193764,9.30221640544944,2.4724989858403,2.46919065681525,0.892592948493721,2.91184471826138,0.107407051506279,1
220,1,0.12086908813033,3.9493478260815,2.24741837191709,2.21750318280281,0.122234993633089,3.92879027937823,0.877765006366911,1
220,2,0.957655949437795,22.0273664760947,3.38196393246294,3.37658828795707,0.957476970927487,2.93279066984866,0.0425230290725127,1
221,1,0.0570281788710523,3.0996458469983,1.65691558302086,1.60991743689682,0.0584834884862057,3.09643006791684,0.941516511513794,0
221,2,0.994195839037513,59.5067229637672,2.54779643894152,2.54384324960777,0.994190661819169,5.58419922091157,0.00580933818083141,0
222,1,0.111180727816374,4.21695925603643,2.73009916309171,2.69602310119177,0.112358814392957,4.18632348987594,0.887641185607043,1
222,2,0.96053991089829,20.328797649955,2.89996865585794,2.89590961641297,0.960436214231596,3.3353761950947,0.0395637857684039,1
223,1,0.0949207457236391,3.20225229239956,1.54198165254944,1.5125654084494,0.0965547324776463,3.18743069854997,0.903445267522354,0
223,2,0.907358316761815,11.9638373575901,2.87908841347797,2.87388262698104,0.906851592642287,3.05526365436548,0.093148407357713,0
224,1,0.0580542716002066,3.9030562703359,3.34298955423771,3.27780686371113,0.0590329416333601,3.8686745462266,0.94096705836664,1
224,2,0.975769128134894,34.5173416724351,3.61365272610547,3.60989166907969,0.975770396987976,3.75103268778935,0.0242296030120237,1
225,1,0.0139344605052807,3.31977003804126,2.03924621449549,1.80475886203884,0.0153265355773921,3.31756809456281,0.984673464422608,0
225,2,0.952477505844723,21.8316261904353,3.19776472579771,3.19304036209605,0.952512043695748,5.05903885137233,0.0474879563042515,0
226,1,0.175163355025059,2.89243044345931,1.73497506104471,1.71571501197383,0.176765482340336,2.87659503310342,0.823234517659664,0
226,2,0.989096104141337,42.200205533077,2.23229186890825,2.22791882269373,0.989103433928991,6.59386245929172,0.0108965660710089,0
227,1,0.0233166440834725,2.73068366897644,1.78899618495108,1.68400575816037,0.0244389071655006,2.72894410964487,0.975561092834499,0
227,2,0.993481745897027,46.8801836212982,2.3538110310743,2.35124700559252,0.993476929671768,1.78075814104892,0.00652307032823144,0
228,1,0.0393686687514536,2.7433631861074,1.89340197934787,1.82019018178038,0.0407165069619537,2.73890579825126,0.959283493038046,0
228,2,0.993979912238162,59.0532788744878,2.93895827814463,2.93489951275408,0.993973406404408,2.68207494116368,0.00602659359559209,0
229,1,0.183646307347907,3.4412592641977,1.46667725604703,1.45247489861082,0.184969820207128,3.41507160949382,0.815030179792872,0
229,2,0.918064271679873,13.861600515122,2.77271940844929,2.76814461371003,0.917950179230309,3.95326478056202,0.0820498207696909,0
230,1,0.290112892406461,3.47184365915092,2.23444569285791,2.22589797086866,0.290794442378149,3.35350209184015,0.70920555762185,1
230,2,0.943744528989405,15.5057846455534,2.70653631596379,2.70350756680472,0.94360205785808,3.52584769997004,0.0563979421419198,1
231,1,0.112390946080074,3.56333711582938,2.09912076857211,2.07196135763019,0.113581586282076,3.53561302225329,0.886418413717924,1
231,2,0.961398019082191,27.7330284900798,3.54975400069988,3.54491229881776,0.961100237374992,5.92040225296618,0.0388997626250084,1
232,1,0.0713551818446409,3.75020097488501,2.00835019371766,1.96518251353724,0.0729395672495803,3.74645508096512,0.92706043275042,0
232,2,0.979695557637618,23.8466657457524,2.9041162696624,2.89986995591301,0.979718072803861,7.17177799844155,0.0202819271961391,0
233,1,0.0477810684487548,2.93211371313686,1.34384403999683,1.28377823687457,0.0496804162776147,2.93003070443664,0.950319583722385,1
233,2,0.989208877082936,44.2721112011443,2.79134095463961,2.78573311967976,0.989210402071649,3.73988773289103,0.0107895979283508,1
234,1,0.0478831102053399,3.38757062332869,2.13289292122888,2.0515273304087,0.0491113391583135,3.37733301374553,0.950888660841686,0
234,2,0.982680325722123,30.6809692469537,2.93916823944171,2.93534549322688,0.982669553456807,3.04835958603823,0.0173304465431935,0
235,1,0.0490055998780643,3.10024368675381,1.64208898393409,1.59180105011151,0.0502917882046035,3.09640176162344,0.949708211795397,0
235,2,0.978856738685856,23.5231450374239,2.43474392158727,2.4314135923311,0.978858789310908,2.1144229186637,0.021141210689092,0
236,1,0.064667499517638,3.31875654942241,2.20293058000012,2.19585330744886,0.0647707079312463,3.29557889034867,0.935229292068754,0
236,2,0.977793502113125,31.082705172007,2.79491351786558,2.79300729508321,0.977003972745206,8.87536535070039,0.0229960272547943,0
237,1,0.0680180726747066,4.28573088879216,2.47485003927201,2.44939092224215,0.0684705392280261,4.27070154675773,0.931529460771974,0
237,2,0.942462722140323,27.4270027603118,3.78912907298538,3.78693461319032,0.941699678884765,12.048876100745,0.0583003211152342,0
238,1,0.0230104468222363,3.52804712970322,2.19571740624513,2.19571740624513,0.0229756355176806,3.51861342073411,0.97702436448232,0
238,2,0.983720421551196,45.398955753645,3.34770771633782,3.34770771633782,0.982353858465773,6.91478293058712,0.0176461415342274,0
239,1,0.041638199289589,2.73137283914604,2.43358364733899,2.35228190275674,0.0429882921864173,2.71855819579996,0.957011707813583,0
239,2,0.980349477407598,26.0194393625828,2.47963398640748,2.47615721037233,0.980359250520298,2.04086358107121,0.0196407494797022,0
240,1,0.102134577120316,3.4413750375044,2.32134006584683,2.29141671030645,0.103253332518959,3.40960249790196,0.896746667481041,0
240,2,0.978984325935966,29.7463553808504,3.22443803409441,3.2201393268907,0.978457982910182,3.61408126039362,0.0215420170898178,0
241,1,0.370945765136051,3.79792764422989,1.8987012364219,1.88966401239298,0.372022613370375,3.71031793418322,0.627977386629625,1
241,2,0.918824144240259,14.2193656808038,2.75334950533397,2.74785249860688,0.918944262497077,4.91724829962291,0.0810557375029226,1
242,1,0.146095773471538,3.17387863197243,1.51872701207909,1.49125401166709,0.148226071216906,3.1536963568561,0.851773928783094,0
242,2,0.895081230098745,11.4706953700876,2.76521839944886,2.75767078855766,0.895297181470473,3.7194840284072,0.104702818529527,0
243,1,0.137536689718747,4.48113717791017,2.02629886453321,2.00429635106977,0.1387360615921,4.45941488371553,0.8612639384079,0
243,2,0.931720402575281,15.6138661430297,2.9192593278716,2.91482549563344,0.931777710428749,4.14746880972428,0.0682222895712505,0
244,1,0.287014589284546,3.36671715367717,1.60209517568688,1.59423530640935,0.288004576744697,3.31019046554619,0.711995423255304,1
244,2,0.649720103156317,3.921669864502,2.21471877831437,2.21033295751076,0.650090736578949,2.75269400649867,0.349909263421051,1
245,1,0.022069794520124,2.93286949960316,2.74507087747249,2.39664238186783,0.0254249205456243,2.9259028450926,0.974575079454376,0
245,2,0.987437547112234,23.1715302423513,2.67816489575578,2.67062386685524,0.987448396997006,2.22356822882507,0.012551603002994,0
246,1,0.114685033612022,3.34591737650447,2.49047519786043,2.46745353220946,0.115651579646163,3.30568908985895,0.884348420353837,1
246,2,0.983182600138317,38.7545553337179,2.9413516020589,2.93751222567712,0.982635423045087,6.05242226407818,0.0173645769549134,1
247,1,0.019877912177243,2.928063424462,2.62359163533256,2.41346451211428,0.0214520762418514,2.92348169571972,0.978547923758148,0
247,2,0.995031953797337,36.1506286789517,2.54222563412441,2.53883639192974,0.995019249514348,2.15919938085417,0.00498075048565244,0
248,1,0.0366236486553775,3.16568759119283,2.71436089002994,2.51213695745629,0.0390744174125312,3.15389372875311,0.960925582587469,0
248,2,0.989622285661265,43.1447607129436,2.52161867525209,2.51496795590518,0.989630247411146,4.65952239263509,0.0103697525888537,0
249,1,0.0698730210163321,4.01492619302286,2.54956730779057,2.50482726670559,0.0708755299333186,4.00356484685154,0.929124470066682,1
249,2,0.98097129080665,38.3263764567866,3.31323025163245,3.30959158712812,0.980981355574799,5.03446113078603,0.0190186444252011,1
250,1,0.287108940303467,3.67829117104437,1.97755490839634,1.96810581854475,0.28801215240459,3.50429100117682,0.71198784759541,0
250,2,0.930985189661556,11.6822255506777,2.2778253782746,2.27434984318654,0.931054583828757,3.15681986560275,0.0689454161712433,0
251,1,0.0377512468354025,3.30422718100657,2.68372276740043,2.59982721989154,0.0391025060122276,3.29560410389308,0.960897493987772,1
251,2,0.993482284648006,41.0407592805108,3.04728872741406,3.04373659970469,0.993475917825952,2.80896916428278,0.00652408217404825,1
252,1,0.0604727923946861,2.75782746831633,2.33417395976575,2.26733781587059,0.062417171958204,2.74480540816047,0.937582828041796,0
252,2,0.995978474691759,39.8141854301827,2.45217024520784,2.4480650532243,0.995960643788253,2.0967475395075,0.00403935621174651,0
253,1,0.0822696251605909,4.07402710366109,3.07887769379863,3.00543724497475,0.0841818560509271,4.04292764008288,0.915818143949073,1
253,2,0.98378130952864,44.2839037299473,3.59207946946667,3.5854075441696,0.983795711375692,8.21825103620021,0.0162042886243085,1
254,1,0.200209157477219,3.67626145908677,1.98093358518782,1.97579710803551,0.200381419660568,3.59073928929641,0.799618580339432,0
254,2,0.957216120281382,18.5542784470377,2.70712020392856,2.70493584412809,0.956494109433325,4.28418651357833,0.0435058905666748,0
255,1,0.237500431626372,4.56982336052843,2.37196836686978,2.36377723395914,0.237866255478282,4.41628433705739,0.762133744521718,1
255,2,0.936397515646683,27.1449159506087,4.30617063984244,4.3026711475793,0.935589051381787,9.84369094748307,0.0644109486182133,1
256,1,0.397155506031056,3.92077063042031,2.27202676855428,2.26622461178413,0.397554818862287,3.66509598282731,0.602445181137713,1
256,2,0.906029681350022,14.4110162245069,2.94835633939796,2.94508782719344,0.905719140989885,4.94915895859794,0.0942808590101148,1
257,1,0.0519537642662868,2.61146906566705,2.26005474727736,2.17181233475988,0.0537813145996884,2.59744005571271,0.946218685400312,0
257,2,0.994693116870101,45.0525708941017,2.27923483975999,2.2748432133525,0.994682793633799,1.71220111435009,0.00531720636620092,0
258,1,0.421752209162014,3.52964823092596,1.89065930990595,1.88835947897177,0.421428657654543,3.28003957470493,0.578571342345457,0
258,2,0.872337085587796,8.60680904574425,2.38567200469503,2.38382659438153,0.871235229767522,2.86029858357982,0.128764770232478,0
259,1,0.190077108156462,3.62533552537892,1.78291740265209,1.76994919035748,0.19120049510335,3.5606621547778,0.80879950489665,1
259,2,0.931786704909639,12.2040381508732,2.50488869560124,2.50108441798373,0.931879612257888,2.9846025897019,0.0681203877421118,1
260,1,0.0195361291893877,3.22758961412108,2.51876179058375,2.42245727603684,0.0201791170080046,3.22241621030141,0.979820882991995,0
260,2,0.982783551594922,29.9747762954946,2.654633288335,2.65284409652604,0.982485214117227,2.16725350053945,0.017514785882773,0
261,1,0.0890419219735279,4.1745041583908,1.59591004872492,1.5561456743794,0.0910519135080901,4.17249095569916,0.90894808649191,1
261,2,0.96653603621676,26.3103593616575,3.19468073279576,3.18737993273889,0.96658953144352,6.87477323552992,0.0334104685564797,1
262,1,0.0756335224688273,2.85641330470251,2.05010485589494,1.99929415502479,0.0771699450562351,2.83624950180117,0.922830054943765,1
262,2,0.978791382885364,28.5108025013408,2.7099658410595,2.70538704493148,0.978806242883131,2.5855368192428,0.0211937571168686,1
263,1,0.0178361070134444,2.54649665029144,2.05412629849491,1.95964785355673,0.0184783452650447,2.54297007613562,0.981521654734955,0
263,2,0.993844556524955,40.5525886838362,2.499722172184,2.49811809580571,0.993841637945658,2.0316408183307,0.00615836205434156,0
264,1,0.0976924308886702,3.59164392514589,2.08558425733027,2.04956903292157,0.0991584348197572,3.57008972995241,0.900841565180243,0
264,2,0.984171187976389,45.7009437154722,3.16504756949368,3.16019683712157,0.983982881017893,7.78896344954983,0.0160171189821066,0
265,1,0.0298723537424249,2.63740840071617,1.62446800037718,1.51244541426089,0.0316598499356558,2.6351344561576,0.968340150064344,0
265,2,0.996059868986626,57.3145128318793,2.38624891927647,2.38183112539566,0.996051337096008,2.24961479096096,0.00394866290399183,0
266,1,0.163146119974569,2.82868749160455,1.50290166785116,1.48773797360249,0.164468190970819,2.79662072089349,0.835531809029181,0
266,2,0.972230982697591,19.0651811019399,2.20946789218803,2.20589138636212,0.972262801778304,2.33932467217098,0.0277371982216965,0
267,1,0.601990379334431,4.54748018401446,2.10622387536564,2.10285980140848,0.602050043980117,3.82765289428448,0.397949956019883,1
267,2,0.870841830097554,7.11682255562597,2.12251445259158,2.11996180028695,0.87059539424107,2.19896332266447,0.12940460575893,1
268,1,0.294074144288386,4.06975978750171,2.86583527838349,2.85791194125984,0.29453698332874,3.7640291292265,0.70546301667126,1
268,2,0.83150210056348,8.43881346620741,2.88752438427758,2.88457847732096,0.831304067047668,2.57761614318586,0.168695932952332,1
269,1,0.208103141887518,3.52383356614207,1.4499984372709,1.43619710500127,0.209530474102368,3.48841108247816,0.790469525897632,1
269,2,0.595215774439508,4.45870320561578,2.76448677676937,2.75738021681836,0.595585477680962,3.42798028546791,0.404414522319038,1
270,1,0.0410364473874401,2.81819133687205,1.82249633899766,1.75740498985909,0.0422496098241129,2.81125678102445,0.957750390175887,0
270,2,0.994755195770784,67.5207654428394,2.62000353147165,2.61668940443469,0.994744744357487,4.75342282451534,0.00525525564251331,0
271,1,0.0108173922917327,3.16932240072726,2.96500633354872,1.86072155294263,0.0194698358820074,3.16673410992609,0.980530164117993,0
271,2,0.9904064485079,26.4754274744531,3.00144848863807,2.98199965861929,0.99040406712273,14.7299854437347,0.00959593287726979,0
272,1,0.00726316884709791,3.01987667843022,2.40691677432856,1.59864191578525,0.00810043076173255,3.01836312553302,0.991899569238267,0
272,2,0.99411614466331,60.8262747544492,2.50034242104433,2.49824319101512,0.994111205909421,2.39401703706157,0.00588879409057922,0
273,1,0.176990177635846,3.04846751788228,2.32270120068211,2.29782852996217,0.178489990636059,2.99100329793104,0.821510009363941,1
273,2,0.935308567113313,15.2776563851078,2.9040170527063,2.89773992162412,0.935156090866045,4.10990048025301,0.0648439091339552,1
274,1,0.0132870346056776,5.54288465333627,3.11768357781278,2.78922564672552,0.015004701576379,5.53772687446303,0.984995298423621,1
274,2,0.945587006922101,23.5193266041557,3.91045912544113,3.90337804359053,0.945095495624992,5.67498660532378,0.0549045043750077,1
275,1,0.0339853769801705,3.57603040190114,1.97576082459057,1.87026512749655,0.0356037946004553,3.5733190358592,0.964396205399545,1
275,2,0.971569983013578,32.7610460823447,3.32710235635708,3.32137579866441,0.971605870117043,6.97915697647949,0.0283941298829572,1
276,1,0.528321165081775,3.93530471318634,1.78916147428735,1.78499369930728,0.528783380741125,3.51762479085108,0.471216619258875,1
276,2,0.860467903100162,8.30556040313005,2.50331129026382,2.49976260258835,0.860387494671822,2.54516281622466,0.139612505328178,1
277,1,0.186175083511665,3.97378420838534,2.2241595659141,2.21284039545887,0.186758670812033,3.93130771837914,0.813241329187967,1
277,2,0.971488398745844,31.1703589399109,2.7311132441081,2.72817221142191,0.971100754081304,11.1171366798305,0.0288992459186957,1
278,1,0.181789445814247,3.15499272253514,2.03387236355147,2.02570644396406,0.182346250459337,3.11787782310373,0.817653749540662,0
278,2,0.96950225286376,20.9682489472474,2.58189386965522,2.57995942133671,0.969352979830884,2.40002012816311,0.0306470201691155,0
279,1,0.356908058434792,3.90731918729927,2.74382535861615,2.73494863035058,0.357253628604858,3.59876801494995,0.642746371395142,1
279,2,0.913624194221957,13.5908923427652,2.85829307908473,2.85433446270401,0.912771708093147,4.06296982123308,0.0872282919068534,1
280,1,0.0314395792942777,3.61566117300219,2.8354670427552,2.71506121743493,0.0326206175160353,3.60663123485752,0.967379382483965,1
280,2,0.989812165583192,46.6795649784623,2.94834010776871,2.94472351319212,0.989770957614569,3.38197784673441,0.0102290423854307,1
281,1,0.022740187445282,3.51161557296365,1.45153662078959,1.32593130027279,0.0244934575774511,3.51072025621436,0.975506542422549,0
281,2,0.993230537366446,58.3177268899933,2.62083187760366,2.61612202815573,0.993226692532885,1.9971988114935,0.00677330746711481,0
282,1,0.00624505161906658,3.26365748452526,2.46447348310675,1.97748282551473,0.00717622275597987,3.26244780150008,0.99282377724402,0
282,2,0.985735573482782,37.624969871545,2.94652933652678,2.94376337610192,0.98573869915133,2.6147480936387,0.0142613008486701,0
283,1,0.397469326840889,4.90421683646931,2.52923420316849,2.52862326092058,0.397010898092407,4.56128922250101,0.602989101907593,1
283,2,0.946364588709431,22.868763318403,3.071109759826,3.07077402167208,0.945132810807913,8.97504153108311,0.0548671891920871,1
284,1,0.208146316773024,3.25487251476906,1.98603351619649,1.97675486561468,0.208787182059704,3.22325996839052,0.791212817940296,1
284,2,0.991173068731178,45.9141049803206,2.44349831658083,2.44123082640592,0.990733148669175,8.83931140072232,0.00926685133082554,1
285,1,0.0495360686834919,3.02440957166357,2.23942700196972,2.18617718291231,0.0505579184389204,3.01123226818856,0.94944208156108,0
285,2,0.964132473856281,15.6945109978741,2.38927125172121,2.38656755541996,0.964120892050222,2.09183208800358,0.0358791079497785,0
286,1,0.0392578598119439,3.38391466487327,2.00255109922372,1.93913009861781,0.0403128626947775,3.37945444182391,0.959687137305222,1
286,2,0.988914668641673,48.5437942427678,3.1893774002425,3.18591325553697,0.988913157097504,2.77603541281631,0.011086842902496,1
287,1,0.0397942696925584,3.41276278224109,2.38832317410999,2.2904249768346,0.0411776022714274,3.40613905443134,0.958822397728573,0
287,2,0.963050972643374,21.6366901238891,2.55441654150329,2.55061774931545,0.963086719256705,5.21076677690339,0.0369132807432947,0
288,1,0.174693743073566,3.1676447561521,1.9878547352836,1.98066209843337,0.175145313324038,3.11828046527385,0.824854686675962,1
288,2,0.978771330459755,28.0660811113896,2.54222761455415,2.5403995687384,0.978457203306788,3.45020271549194,0.0215427966932126,1
