subject,conditions,late_pro_prob,inhib_fail_prob,late_pro_rt,anti_rt,inhib_fail_rt,predicted_pro_rt,predicted_pro_prob,predicted_anti_rt,predicted_anti_prob,age
1,1,0.052160055138775,0.025795597599916,3.89024036288973,4.24421287933029,1.10556701229056,2.90654497570171,0.0777400696189678,4.24398396168134,0.922259930381032,1
1,2,0.990603232818857,0.13599053061698,4.00141447476583,3.7118873607775,2.70831381427218,3.8000136982789,0.991511347634615,3.63781871333636,0.00848865236538468,1
2,1,0.176014690324478,0.0461825952015543,3.0761009662354,3.14333478095722,1.16020663157245,2.66057331663832,0.215444502284204,3.13139399643879,0.784555497715796,0
2,2,0.88168929448739,0.0397763539128093,2.58350147270499,2.48793580998886,1.28217631158767,2.51047207800812,0.886372841361478,2.4701636842822,0.113627158638522,0
3,1,0.0397943964189937,0.0818697087506127,2.5691319640935,2.99961855653348,1.52423438487401,1.84874511668322,0.119663196262948,2.99376703256427,0.880336803737052,1
3,2,0.98382518940265,0.0331990022262873,2.6778287533078,2.28204722092838,1.36345710616521,2.62912543447238,0.984287154214091,2.2732883621124,0.0157128457859092,1
4,1,0.042787626943099,0.0203203335304994,3.07769110275045,3.50600027251154,1.00539630952449,2.38230215827616,0.0632368231649556,3.50585618330128,0.936763176835044,1
4,2,0.987523638677342,0.018660729058636,3.28205762537599,2.9089240192171,1.1795294394948,3.23918591730019,0.987736850214208,2.90250354590912,0.012263149785792,1
5,1,0.180588028088242,0.424654686031172,4.20567376345812,3.89762682788367,1.87268258459758,2.24016000323771,0.527432702536072,3.45110720117593,0.472567297463928,1
5,2,0.928534048221574,0.0941223359939702,2.28847910124222,2.26120371938754,1.46649686253697,2.1532569360074,0.935225949362749,2.19053943334595,0.0647740506372511,1
6,1,0.0436714586833854,0.0380799805339931,2.28402997233873,2.92895793638799,1.00378548202132,1.68525168225414,0.0815380693687775,2.9281258702164,0.918461930631223,1
6,2,0.913164566232757,0.137691783646701,2.90987494397093,2.18443418006292,1.5716577130753,2.69848596104539,0.922363033385741,2.14610786555785,0.077636966614259,1
7,1,0.0273517332325338,0.0382811428877319,2.78026824777874,2.99624369081494,1.08661272002226,1.76550213993722,0.0660984982757998,2.99501116295625,0.9339015017242,0
7,2,0.994301689613722,0.132599099197816,2.60028602122546,2.48360021583396,1.67023968238299,2.46160165064059,0.994861014264688,2.42819009247507,0.00513898573531249,0
8,1,0.0584288887391868,0.0519773490866964,2.96298415037566,3.53784675311076,1.37871987488433,2.24799902736142,0.108684614427331,3.5333451267883,0.891315385572668,0
8,2,0.941102830685969,0.602526938301799,3.59294467386124,3.21771017919038,2.40397282581397,2.59521518903262,0.971444973894247,2.43594985327059,0.0285550261057535,0
9,1,0.0408193461417264,0.102019630679605,2.363787066431,2.97378172272194,1.20912577172229,1.51964666214646,0.140249386912197,2.97083355624703,0.859750613087803,0
9,2,0.963511482492672,0.176067163193745,2.7799432543091,2.36525582356261,1.5120046319165,2.52661244855572,0.968950486159301,2.30802743913767,0.0310495138406992,0
10,1,0.0179888111513637,0.0086963838711774,2.92630771533634,3.37981723314978,0.860546676978191,2.15286949127757,0.0280318714693619,3.37963031166207,0.971968128530638,0
10,2,0.991887977912893,0.0648647909208152,3.08201860641424,2.74612225312674,1.71758813841351,2.98623639533957,0.992295289687439,2.71365012324698,0.00770471031256095,0
11,1,0.0148521436470146,0.026972334303456,2.81828016064121,3.06956318661178,1.1786479380101,1.74593355915175,0.0430723577050573,3.06854251978271,0.956927642294943,0
11,2,0.995041571987735,0.0758985471381787,2.74415980364295,2.48349459426704,1.43043091674128,2.6351992903897,0.995294577009197,2.43323728723536,0.0047054229908028,0
12,1,0.0148295648677543,0.0312318120767593,3.59160507057886,3.61402843709564,0.971082788393312,1.77911640105503,0.0468447134280601,3.61380011397921,0.95315528657194,0
12,2,0.983833767879651,0.0395879482342873,3.77698958535513,3.73209122604981,1.4425535500116,3.67824955156378,0.984419054084699,3.71630478972323,0.0155809459153008,0
13,1,0.0609490802813953,0.0548597187819367,3.38014912855214,3.78593162432899,1.31986992871707,2.41364108670572,0.113971243291668,3.78272046956211,0.886028756708332,1
13,2,0.985999299626514,0.0531479325350521,3.30177002192237,2.93722870185791,1.61733507104433,3.20734799866083,0.986633485343292,2.91928491049079,0.0133665146567088,1
14,1,0.0199965773864044,0.0506685331961978,2.89474225977568,3.20138028798574,1.21082520359665,1.66953618701864,0.0709307255788697,3.20044179578772,0.929069274421131,0
14,2,0.994951008584775,0.145537686434794,2.95003550081724,2.75486987827378,1.61924652757808,2.74426233751438,0.995489111373965,2.68346442152429,0.00451088862603512,0
15,1,0.0788237441701078,0.0185750896900567,2.97095991914669,3.25382244509753,0.932475376420972,2.57199523551269,0.0969204715175793,3.25329288874362,0.903079528482421,0
15,2,0.97210679292362,0.0201641989191572,2.80058481054935,2.32832591560677,0.96718910213312,2.76061527906364,0.972667941319034,2.32453411510886,0.0273320586809657,0
16,1,0.0218176407633546,0.0332413439428728,2.45758484261606,2.75572745236288,1.25075954900958,1.68588208454592,0.0555799090401753,2.75408830905775,0.944420090959825,0
16,2,0.992386862373146,0.0862134441497962,2.56580645378353,2.33973313620318,1.50654762866429,2.46633600698461,0.992888260930259,2.30800565887536,0.00711173906974102,0
17,1,0.064314913777127,0.0644224349160335,3.6479860891341,4.1960715043737,1.59692526400319,2.60517618340188,0.125581350402453,4.19214848743829,0.874418649597547,1
17,2,0.965337702799398,0.066548801080439,3.29655806886564,3.07260322499633,1.47879403853288,3.16637082787493,0.967588990869627,3.05956444518215,0.0324110091303728,1
18,1,0.0942438786496172,0.10422667437908,2.27325522846331,2.96820547606602,1.71709225065888,2.0169186514092,0.193778567075941,2.95655395437399,0.806221432924059,1
18,2,0.973484112599219,0.0387499511284705,2.38486449280308,1.87777119786775,1.29274865895876,2.33551751980647,0.974237479492004,1.86672182515157,0.0257625205079959,1
19,1,0.017062256813558,0.108631798969383,2.99242201892559,3.17601617389571,1.26556087698086,1.46555649722724,0.124732744554309,3.17542670496314,0.87526725544569,0
19,2,0.971734663427771,0.471258768739566,3.30485059453956,2.86723867588135,1.61990255267354,2.4852480271655,0.983719166593417,2.75918469369677,0.0162808334065829,0
20,1,0.102073287044557,0.0247966295466067,3.54044277291826,3.92239741342454,1.87374062246827,3.16711259498427,0.12600374181763,3.92057955075709,0.87399625818237,1
20,2,0.973321055094698,0.0419409509019709,3.08400505425507,2.89620541056548,2.23938324435419,3.03474470822985,0.974288053061898,2.88050100096432,0.0257119469381021,1
21,1,0.146992201042503,0.0461435441625182,3.26382903861881,4.12626754220828,1.63392317438655,2.85283200728439,0.188360165556538,4.12194622203835,0.811639834443462,1
21,2,0.949394259532824,0.0472958960357695,3.75693544807752,2.8308793132708,1.3292965527482,3.62929623218114,0.951358067921712,2.82080714288873,0.0486419320782875,1
22,1,0.239264777683797,0.0647899595841395,3.38686059242551,3.9379909361172,1.31357791245222,2.94812957221571,0.292134782843758,3.92263622695375,0.707865217156242,1
22,2,0.93907205738364,0.110377899928661,3.3616204012577,2.48688431359798,1.58479880578149,3.14283369150006,0.944397780623581,2.45243733593696,0.0556022193764193,1
23,1,0.181839567760923,0.194904980404611,3.98683400943204,4.37863486002439,1.83581168458144,2.76079177044872,0.347002384424348,4.28754978279158,0.652997615575652,1
23,2,0.887543392302064,0.0743054011894114,3.87977340550629,3.28519163596652,1.58715241605493,3.67177906537975,0.895176730101936,3.24836691624182,0.104823269898064,1
24,1,0.0213637302309718,0.037316078151536,3.01835866473183,3.23354381295613,1.25483517207822,1.81459730307072,0.0598592405449043,3.23233985813912,0.940140759455096,0
24,2,0.998300450010406,0.112590918600069,2.81724291615617,2.60345829596991,1.63209818243576,2.67403619582897,0.998318289373864,2.4199830820442,0.00168171062613623,0
25,1,0.0261962527808749,0.0202562934550813,3.63488856346974,4.34271534052867,1.10541527812622,2.42808290881504,0.0474055327782175,4.34200589855939,0.952594467221782,0
25,2,0.987962142189042,0.077871919108726,3.41782707892221,3.25779759411417,1.60239284235167,3.26012878582459,0.98883477631808,3.21653479265986,0.0111652236819202,0
26,1,0.0296798299980974,0.196353809971698,2.66184287252884,3.10160406813068,1.4975313517975,1.6250473122147,0.22173797460693,3.09061077372873,0.77826202539307,1
26,2,0.964882929490033,0.222261970556498,2.96793752850493,2.70219451875962,1.64364418499566,2.63631307438137,0.972190413714603,2.64156326903975,0.0278095862853968,1
27,1,0.0269750892451668,0.0223694159067666,2.78004547867473,3.26415318863418,1.1607498368154,2.04933942391493,0.0499195302212878,3.2632169142922,0.950080469778712,0
27,2,0.987648338383391,0.0581494374521746,2.77808095797315,2.54818897986106,1.72206235240932,2.70233094301988,0.988199823968516,2.52370215053277,0.0118001760314844,0
28,1,0.0558533083116505,0.197160067043132,2.81607600897386,3.65607332751617,1.8803414239253,2.05102115939076,0.245981684590139,3.62542824662037,0.754018315409861,1
28,2,0.592945088571229,0.0784102740855864,3.05817388999824,2.96504331312702,1.79132711094313,2.87742895097285,0.626016706197376,2.93075732066828,0.373983293802623,1
29,1,0.0340535135624746,0.0772346564278321,2.45612834419525,3.1950681749741,1.43957244799944,1.73603262478501,0.110391656938909,3.19219671285374,0.889608343061091,0
29,2,0.979210555032184,0.168553087298814,3.07732750253818,2.484987002437,1.89933718998736,2.84101648482543,0.982036833510507,2.40286229357026,0.0179631664894927,0
30,1,0.0409443042804787,0.0226216231817338,3.46290656249172,3.90017358671272,1.13207591117892,2.58589412141991,0.0639385430998016,3.89966885386441,0.936061456900198,1
30,2,0.989301079887782,0.0461224828840053,3.43879458499289,3.3196444688656,1.4923460886091,3.34503466228938,0.989713253135278,3.29539507277523,0.0102867468647216,1
31,1,0.0371573659235945,0.0631905619153131,3.45411737292314,4.28283658306132,1.48545770435516,2.15003023576377,0.0992588667915639,4.28013442845861,0.900741133208436,1
31,2,0.980978838068401,0.0908251189040813,3.55755817204122,3.15128898276306,1.63120883463151,3.3670479124991,0.982425518670694,3.11055451020456,0.0175744813293063,1
32,1,0.0128467552000208,0.0624187707618058,2.81629032039193,3.14358501995011,1.34381595402925,1.55966179381904,0.0760098074144674,3.14318819192865,0.923990192585533,0
32,2,0.98838261242658,0.0567115329014703,3.05475184506501,2.96044443794032,1.51182138766668,2.95953458674164,0.988954733181181,2.93922233209769,0.0110452668188193,0
33,1,0.0944158454401714,0.138412379876282,2.7819330345931,3.25163432869166,2.00730700634784,2.30603894499486,0.224511031341783,3.19477678465371,0.775488968658217,0
33,2,0.957744215760436,0.070566527813121,2.80535992708804,2.21078171542286,1.51393493912572,2.70403603215086,0.960178431556962,2.17991461634349,0.0398215684430386,0
34,1,0.0581057045585276,0.0357715649076611,3.4853954534495,4.23294260384923,1.31535699359234,2.60411487437022,0.0933157030249217,4.23238669608103,0.906684296975078,1
34,2,0.991080364704734,0.111866667449635,3.25506663888902,2.87327761854674,2.57317675756386,3.14363893910412,0.991727025128287,2.81708034932495,0.00827297487171284,1
35,1,0.0525766844452891,0.0691016286013629,2.35969570226497,2.72171433659686,1.16559952611377,1.66704893241701,0.119570586610387,2.71258583529816,0.880429413389613,1
35,2,0.929302650793847,0.165806899025673,2.93494197351445,2.16016372007168,1.5183699703768,2.670855949469,0.937990956112037,2.109865804763,0.0620090438879624,1
36,1,0.0161317353704874,0.0516687027122588,3.37105220398991,3.73372718028751,1.43609942332203,1.86413116321541,0.0684335213300415,3.7323556761917,0.931566478669958,0
36,2,0.992195175827017,0.4483085078269,2.99684539739247,2.67891312422339,1.90306690333086,2.48561784406441,0.994694999103447,2.51422103090363,0.00530500089655277,0
37,1,0.0734354376373629,0.0748943086319125,3.00978861847188,3.66969877029588,1.6277271222079,2.29461062177737,0.144838893444235,3.66293193610342,0.855161106555765,0
37,2,0.961016197163084,0.0747376277190108,2.93675299632209,2.41266436493658,1.26543319789179,2.80149252612437,0.963557105612628,2.3973008660958,0.0364428943873719,0
38,1,0.0253834671118926,0.0885801642405282,3.33308338514422,3.73491835158161,1.41593822431757,1.80787701850793,0.112831034455914,3.73244458658733,0.887168965544086,0
38,2,0.987022008959502,0.132390976152659,3.3352657670058,3.13600814895393,1.73794304772268,3.11050530002448,0.988547031966242,3.08323926603013,0.0114529680337581,0
39,1,0.0156701616096012,0.0245478652084474,3.02942560161437,3.247520271011,1.33226300398506,1.93434802458576,0.0412272990825668,3.24650507831575,0.958772700917433,0
39,2,0.991506837579643,0.0638049802468452,3.08344164445877,2.93273108128312,2.04507579519323,3.00555665389841,0.991915416433365,2.90070001527681,0.00808458356663536,0
40,1,0.0205438677729265,0.0199268517082444,2.92132497035665,3.45976238600151,1.17703074839881,1.98501981632469,0.0414208713478175,3.45915763852672,0.958579128652182,1
40,2,0.972726398343719,0.0213320312207977,2.98974289149876,2.80902584896266,1.14643785014347,2.94517145139306,0.973292374888078,2.80394708485436,0.026707625111922,1
41,1,0.0256565270594481,0.0216313204671534,3.44553947792836,3.7827697184308,1.39541336721389,2.4853906743092,0.0478083305316225,3.78190153704424,0.952191669468377,1
41,2,0.987812807790483,0.0313287268901311,3.77666609075438,3.42462059216987,1.87578310220496,3.71359052960046,0.988127072727576,3.40911296638929,0.0118729272724234,1
42,1,0.0740821135654836,0.0579639262038427,2.45305471937342,2.85747245691523,1.23029002584409,1.90133721798845,0.129564656124764,2.85230050113978,0.870435343875236,0
42,2,0.983301523008054,0.0526383181507343,2.46098359787439,2.22136977696803,1.30357851306575,2.38834194902812,0.984152660226495,2.19811112367124,0.0158473397735053,0
43,1,0.0265114555342772,0.0382896558573055,2.994496814151,3.34255932827809,1.20570747605007,1.91233101387069,0.0651796060551223,3.3419987125074,0.934820393944878,1
43,2,0.993597231833219,0.0762963334789707,2.97421092482226,2.96230166389568,1.6324210374376,2.85860298724163,0.994032538070846,2.89025921728079,0.00596746192915452,1
44,1,0.0287516558078235,0.147714566657023,2.87526397789994,3.305505999263,1.45804507571158,1.65984756670279,0.173650891978196,3.29740433347103,0.826349108021804,0
44,2,0.504440800865846,0.231122297979099,3.20595650969641,3.37766767474176,1.72537857951735,2.63827695731882,0.62338233423437,3.35042383350544,0.37661766576563,0
45,1,0.109886869086034,0.128991085564335,2.55912410683711,2.84846115766555,1.39186550505857,1.89618341302449,0.228429943743162,2.80729608646681,0.771570056256838,1
45,2,0.912072270169238,0.202805354014893,2.84556262429688,2.37071548720609,1.94998993289088,2.5614512611699,0.926380122607337,2.22638958524509,0.0736198773926631,1
46,1,0.0362560821457224,0.0783858085181773,2.38668295111027,2.85315155184148,1.65486894879558,1.86630204053842,0.113609767571487,2.84769172915645,0.886390232428513,0
46,2,0.990154647535716,0.123431470575388,2.69231953002111,2.38630825317759,1.72478305930186,2.54982786886233,0.991051415141346,2.33131654080951,0.00894858485865356,0
47,1,0.025122487369682,0.10587119635083,3.26173114258649,3.71744969876394,1.55921640922355,1.84019015158284,0.129489647996283,3.71449839693521,0.870510352003718,0
47,2,0.994943406758366,0.272168044167203,3.24796642322804,3.0063632078963,1.94244549709628,2.85571471848611,0.995842043303004,2.82469844342566,0.00415795669699631,0
48,1,0.0550825024445184,0.0456192622251522,3.15182813447685,3.51654050914322,1.5737433788692,2.3918275399891,0.0993966627618119,3.5142144447973,0.900603337238188,1
48,2,0.989957633347178,0.0537587120581097,2.63911734214434,2.57881148580343,1.58302263321532,2.57898607974573,0.990397512648498,2.55803764023275,0.00960248735150239,1
49,1,0.0698386113013214,0.0349025434631383,2.71422717767044,3.21895895137455,1.43428755028441,2.24780523620659,0.104010801755354,3.2157898260791,0.895989198244646,0
49,2,0.980325644878255,0.0574780815409369,2.68266810775347,2.13957531745869,1.52968761845983,2.60875373861026,0.981140736284109,2.1253416508665,0.0188592637158913,0
50,1,0.110960901349019,0.139924676251809,2.58658020666737,3.2681955338699,1.57794657196677,1.99232696283419,0.239556095371048,3.25202568206184,0.760443904628952,1
50,2,0.949375817825371,0.0367962794087375,2.56840854341583,2.01805476315534,1.30857582350245,2.51359215461383,0.950867735460476,2.00732672788363,0.0491322645395236,1
51,1,0.171647257494329,0.16813390855357,3.7302563305994,4.01324700277321,1.86312944027318,2.70825183411587,0.316070468535101,3.92575478178444,0.6839295314649,1
51,2,0.8880948201316,0.0451472897776908,3.01265095777223,2.61352019320926,1.30876985149112,2.91629130437794,0.892506784217074,2.59330751766549,0.107493215782926,1
52,1,0.099489513080299,0.0894084704319036,3.76826997980317,5.08891485506181,1.60250210718429,2.74791142073819,0.182487318056048,5.08228164339667,0.817512681943952,1
52,2,0.953575583541787,0.0914729189435794,3.54315087557921,2.82309892899056,1.39980536475056,3.33240164512273,0.957202737166264,2.79128854029938,0.0427972628337359,1
53,1,0.0353732206397538,0.0416092994265745,2.45715584974736,2.78437815826927,1.31413045748846,1.81425671019634,0.0768883603391871,2.77641144433378,0.923111639660813,1
53,2,0.957703212335926,0.0676858497162584,2.36999914818829,1.79766095043928,1.44341264430898,2.29662167690581,0.959663652440043,1.77888822709042,0.0403363475599569,1
54,1,0.0342390516061264,0.0349182860060161,2.78384726200644,3.38317248876333,1.42580159324161,2.03845952299711,0.0693559449702657,3.38047871620516,0.930644055029734,0
54,2,0.984903767554268,0.169307249912164,3.10873426168854,2.538751095353,1.8767103675874,2.86751513036464,0.986834320900226,2.46881099907449,0.0131656790997738,0
55,1,0.0271253800350734,0.0511878285863409,3.02576473415083,3.78460773646835,1.23863630715757,1.80304588332907,0.0786925348289458,3.78340315728767,0.921307465171054,1
55,2,0.950287483256203,0.150598523164248,3.85559527920448,2.98341002116423,1.93829609182494,3.53870233980075,0.956184812887622,2.94343847245075,0.0438151871123779,1
56,1,0.0627201805198017,0.0235963258800518,2.28514647283886,2.80492168019645,1.15124846426138,1.97155364287127,0.0863619631700493,2.80380619228096,0.913638036829951,0
56,2,0.992632368401986,0.0755867134573683,2.48952232822836,2.04042663460737,1.59924770734388,2.40980858701685,0.992889542686832,2.00384137744431,0.00711045731316755,0
57,1,0.0909354735205199,0.0701954362393915,3.58767311689696,4.01151138609961,1.66962399167237,2.70615950795491,0.157087843605962,3.98721290287633,0.842912156394038,1
57,2,0.945018738141382,0.0612037378146077,3.69609958550561,2.76388795352401,1.17074542652048,3.5312307096315,0.948008883200959,2.74919445484979,0.0519911167990413,1
58,1,0.0572323526723413,0.0442731923165405,3.89387407027096,4.2212130524085,1.37469757358046,2.76344720929464,0.100202040832862,4.22060961606079,0.899797959167138,1
58,2,0.97787114930835,0.106520350425232,3.93002686378411,3.65046441288287,2.02895715812492,3.71604022492156,0.979998134559295,3.62516135245266,0.0200018654407051,1
59,1,0.0564718707663594,0.0426342903284896,3.17513061340194,3.44537680371802,1.16844763972637,2.26474708159461,0.0978312105463445,3.44419778571906,0.902168789453655,0
59,2,0.988502019834936,0.0476063238926672,3.10891257775037,2.9585975884306,1.50228264565167,3.02675158166502,0.989002068616787,2.93803398652462,0.0109979313832134,0
60,1,0.0561096587863935,0.0227071023481925,2.49632601431576,3.32736690394079,1.10541911194063,2.09703346484232,0.0789242196110575,3.32647146636318,0.921075780388943,1
60,2,0.938703422418314,0.0597763398320648,3.07997722349587,2.3548752430019,1.58886022022995,2.97999077543021,0.941727105758597,2.33649153973893,0.058272894241403,1
61,1,0.0288714337082111,0.312942783005179,3.64935424859392,4.15253617162985,1.28279218528397,1.41879900389184,0.333351049683012,4.12488802360929,0.666648950316988,0
61,2,0.991099086695792,0.594427283410801,3.15580575527081,2.62736695777826,1.41750326714235,2.11608514062758,0.995464068156081,2.34455276466531,0.00453593184391828,0
62,1,0.0104648346011266,0.0131691614628839,3.50242111997255,3.86262821141357,0.808324157259972,1.94940720298332,0.0250047643171353,3.86214748979941,0.974995235682865,1
62,2,0.995275957823866,0.0138569398430484,3.42651928710478,3.07691111636731,0.929300943082778,3.38805055342097,0.99531585602438,3.05517604214222,0.00468414397561971,1
63,1,0.150879571208454,0.0994155876601368,3.90206212759333,4.15600154736807,1.57105894442777,2.90748295224994,0.238379574668108,4.11721231916284,0.761620425331892,1
63,2,0.968095500010752,0.0587627252089889,3.42879905546565,2.66633226243784,1.5570046376699,3.30854482009809,0.969546635255819,2.64346830753307,0.0304533647441803,1
64,1,0.0151307711382718,0.00920552302503844,3.11640346226002,3.28833044708036,1.33698958868716,2.31663308641774,0.0254497862885896,3.28816612840107,0.97455021371141,1
64,2,0.984652769481159,0.0851596247187629,3.19424682537016,2.93127005848439,2.47535640884633,3.11655682679955,0.985681521811397,2.90254429951615,0.0143184781886027,1
65,1,0.0172208126286166,0.0669104484714935,2.47411705289684,2.85565625446398,1.30664824589825,1.53144458211312,0.0840535254474998,2.85385771623404,0.9159464745525,0
65,2,0.99238689795041,0.0437931547630395,2.5401869372741,2.4762696826129,1.88701253424437,2.49793550434353,0.992664843956461,2.44945002089397,0.00733515604353896,0
66,1,0.384719335693122,0.0367981433481127,4.3336707086199,4.41286048669958,1.37251670626887,4.06544342198061,0.408681737764961,4.39744869638413,0.591318262235039,1
66,2,0.922366598742781,0.0665768220538682,3.74177465620988,3.25646962694013,1.61054247869664,3.58017703013767,0.926711768754851,3.22779810508958,0.0732882312451487,1
67,1,0.0731189276052474,0.168426409303759,2.91941609384526,3.73433533668923,1.58505067788468,1.94668997193453,0.232213303789305,3.71931715487742,0.767786696210695,0
67,2,0.941008388514364,0.0675549109234535,2.94324874516366,2.63592023844387,1.5257139759024,2.82372038267332,0.944411086452894,2.60467627506419,0.0555889135471061,0
68,1,0.09825984418527,0.101097796320837,3.91664227961033,4.74648320123874,1.93456441092202,2.89453981331152,0.19188292830186,4.74086345192297,0.80811707169814,1
68,2,0.972267486816799,0.140391853585893,4.09837230601519,3.73651004213248,1.77432579964053,3.74727615807618,0.975816912566118,3.69650818436726,0.0241830874338816,1
69,1,0.0332538244272134,0.0749664394367784,2.49511029556151,3.14153400212008,1.42068417991311,1.73559017748879,0.10737459615466,3.13527378373769,0.89262540384534,0
69,2,0.993387095855995,0.0655911148538835,2.57240271435713,2.09362390143184,1.58063549603041,2.50180205772066,0.993734310053039,2.05344989706762,0.00626568994696155,0
70,1,0.119469527863692,0.0320803292247487,2.60297788256209,2.85413588245224,1.36435355910678,2.36815448625309,0.149925696548364,2.84820696950066,0.850074303451636,0
70,2,0.982461377315492,0.0300738777938419,2.6496655128516,2.21852714328707,1.2419348567737,2.60253795124466,0.982897603304605,2.20861676369914,0.0171023966953947,0
71,1,0.0707186700404916,0.0590227497554249,3.46542661613397,3.68727244065131,1.3375830348081,2.46198646990583,0.126973206671758,3.68525728913359,0.873026793328242,1
71,2,0.990379116635969,0.0601983440753487,3.51950156940509,3.21293207928033,1.49893913466057,3.389835669587,0.990864755179,3.18813140909894,0.00913524482099997,1
72,1,0.0198404080751078,0.0438306874638135,2.96692232695072,3.37302751998082,1.71622221516407,2.07254135619955,0.0639271126773301,3.37049234488076,0.93607288732267,1
72,2,0.99305848010134,0.0355531131435274,2.76018813292102,2.66054391038971,1.38553416628272,2.70730316601163,0.993290835723647,2.66847384841638,0.00670916427635336,1
73,1,0.0223234111754789,0.0484044713206439,2.99182410148162,3.44349850026338,1.19501766126356,1.74178210895703,0.0713438718288137,3.44201615161218,0.928656128171186,0
73,2,0.985198069549807,0.176185345217707,3.16505110317933,2.72059095011088,2.12502544692305,2.93202327961249,0.987169742852167,2.5959174152029,0.0128302571478335,0
74,1,0.0891911793128184,0.0414081240152333,2.87375288566035,3.38769717314938,1.60011427964637,2.51819455290542,0.129496533954079,3.37959579345988,0.870503466045921,1
74,2,0.994291580564946,0.072122503926728,2.7253709016286,2.2347017449612,1.48545355946906,2.6308980549269,0.994575677868434,2.19423331859697,0.00542432213156644,1
75,1,0.0712602524809098,0.336527231502507,3.11532012661132,4.19669360540694,1.90668762954917,2.04914084864924,0.389711883111029,4.15437825946676,0.610288116888971,1
75,2,0.931907614348032,0.0680819685842287,2.44348822680487,2.21693955017306,1.63091638517459,2.35466509363822,0.935842598547861,2.17593671365997,0.0641574014521387,1
76,1,0.0529711977557964,0.0535529902770059,3.55254090373125,3.90169772889204,1.52762614493881,2.52807564112665,0.10551020076826,3.89733942365533,0.89448979923174,1
76,2,0.985074093596456,0.0525496689205183,3.15312011269237,2.93241871258776,1.1944800233864,3.04440779978845,0.985862003401436,2.91375449793419,0.0141379965985635,1
77,1,0.0637421807733888,0.0574959385520155,2.63706708115162,3.24626439947622,1.29587077162706,1.97201171172602,0.119113188131678,3.24080972931409,0.880886811868322,0
77,2,0.287007251171026,0.278074910384886,2.80997189936525,3.44246149462089,2.40961207895005,2.52235936673991,0.51206751530018,3.2607137820374,0.48793248469982,0
78,1,0.166388002969083,0.11454832993183,3.24608223009589,4.44083353775723,1.86208918101257,2.68222109787833,0.267990358107137,4.42822211179828,0.732009641892863,1
78,2,0.921908362751955,0.0988320312317094,2.95787417265478,2.26145008906022,1.73744850309547,2.81737419413533,0.927421222224993,2.22634334652886,0.0725787777750076,1
79,1,0.064263721834967,0.0301387251186173,2.61015912290296,3.24545451067716,1.29105385513505,2.16231430920977,0.0941145084140917,3.24285964644463,0.905885491585908,0
79,2,0.933375960908324,0.0740927605763793,3.14093794708035,2.38342505472537,1.49840501389621,3.00075919216443,0.937594930287896,2.36415312789722,0.0624050697121044,0
80,1,0.0856137553106132,0.0235639970967274,3.1007414290615,3.9693631793496,1.09854185200361,2.61262578318794,0.108395572889039,3.96877651600708,0.891604427110961,1
80,2,0.950350084963771,0.0821921493720789,3.24914660321107,2.6153644048691,1.96198506192794,3.12355368495522,0.953509626114081,2.57723701909914,0.046490373885919,1
81,1,0.0232867804068849,0.0317083132163792,2.73971234114935,3.50722159980784,1.07533461811448,1.75503181610882,0.0554930437305574,3.50648926245732,0.944506956269443,0
81,2,0.945647671729294,0.12425430711677,3.24897987317079,2.42513809254108,1.71321873084244,3.0444162071368,0.950494418651662,2.3876704852326,0.0495055813483384,0
82,1,0.0269849130025156,0.11279474973895,2.21632727351141,2.93935377768744,1.2718539784656,1.43420852450523,0.138422325030627,2.93681191191488,0.861577674969373,0
82,2,0.980670303924725,0.4073407995853,2.84462838318999,2.14597948494444,1.76360720079192,2.36481433044858,0.98578489615799,1.99266422092477,0.0142151038420097,0
83,1,0.0290609829957836,0.0140289958838091,2.76776827006369,2.99991172523099,1.31479767701265,2.22553344744009,0.0441240128851529,2.99933653787202,0.955875987114847,0
83,2,0.996293012296198,0.034417085933792,2.50482394852184,2.22445890316965,1.67249577891622,2.47425970786677,0.996378709760005,2.20033812554111,0.00362129023999523,0
84,1,0.015079448049228,0.0208799390917512,2.79395806535297,2.92037169975372,2.14678531821612,2.37758005590717,0.0370662786706261,2.91741722561981,0.962933721329374,0
84,2,0.94302756583523,0.553965901919215,3.60015881889779,3.56473170062436,2.88256863899353,2.93389843086845,0.974091062955073,2.92276821160732,0.0259089370449267,0
85,1,0.0545435336325721,0.0890485396045073,3.38638205291485,3.95226779558954,1.59766505246264,2.25089146612907,0.140394287678586,3.94305236585835,0.859605712321414,0
85,2,0.98579477386937,0.0699899750536719,3.09642731113972,2.86446763897326,1.89630826836389,2.99491467365629,0.986675326563675,2.83109260785191,0.0133246734363254,0
86,1,0.202858998056678,0.157365506180212,2.92789815083557,3.45364967330005,1.71538702056918,2.35731695149212,0.335932791509382,3.39630121223731,0.664067208490618,1
86,2,0.910348321720171,0.178742831064639,3.2755135153216,2.64894613387243,1.20554944386202,2.86593230562812,0.924821093373724,2.59843922157753,0.0751789066262759,1
87,1,0.157250519451037,0.0401680508956038,2.82842851827139,3.50481111695244,0.988893973467868,2.45276459719695,0.192525050137636,3.50314949921967,0.807474949862363,1
87,2,0.958399604804639,0.0410629002808959,3.55115512315059,2.75025019666269,1.26001288711098,3.45011999202545,0.959850635677346,2.73901316081521,0.0401493643226539,1
88,1,0.0399532786164563,0.0661510204997698,3.10833897554427,3.68733612062396,1.51508851070479,2.14965283994778,0.105156077050111,3.6831347363069,0.894843922949889,0
88,2,0.992986025758504,0.144970401097696,2.95630764016438,2.8143792435577,1.98325533582153,2.77747233746595,0.993825884536744,2.71943281057301,0.006174115463256,0
89,1,0.00769401148511238,0.0127442420352682,2.72352325189248,3.04599935767844,0.904788463083537,1.5170734140116,0.0216578173318302,3.04583247938304,0.97834218266817,1
89,2,0.994685397710604,0.0333872473717515,2.96460502285859,2.74045869171165,1.31948249041179,2.90688949083212,0.994816927312889,2.71053563847788,0.0051830726871115,1
90,1,0.0224402652442892,0.0462912927124272,3.11887942061514,3.28014849082968,1.36920700172567,1.91116200760367,0.0692482133423012,3.27642254013014,0.930751786657699,0
90,2,0.989774230624499,0.0215856505378161,2.83588633816771,2.57399112940272,1.09594669933782,2.79542804961851,0.989977249316381,2.56132315298192,0.0100227506836188,0
91,1,0.0108865645130962,0.0221009762178661,3.25570986999112,3.53099675534611,1.04548012107435,1.72644577976266,0.0345213467316677,3.5306391124055,0.965478653268332,0
91,2,0.995954796854545,0.0399585972576451,2.66758147008432,2.59351881972453,1.14769840446724,2.60281252815929,0.996065012950477,2.5529360582248,0.00393498704952258,0
92,1,0.052361009576715,0.0352038547742431,2.84936510006551,3.38311179467685,1.11383172109342,2.17512375091094,0.0869439907036668,3.37940868325816,0.913056009296333,0
92,2,0.935958238168509,0.129979781964289,3.37990994180908,2.52868886499592,1.76524660624729,3.14756172419905,0.942465065917589,2.48158977911418,0.0575349340824113,0
93,1,0.0441260582492503,0.0321525460052221,3.94373419572401,4.29969437918832,1.70678230146044,2.96448340449292,0.0761633901592091,4.29759573336959,0.923836609840791,0
93,2,0.986258808866837,0.134315697107244,3.59416212983166,3.60636904126524,2.42762213952256,3.38348661984108,0.988468312616207,3.50474474896878,0.0115316873837934,0
94,1,0.014776921391277,0.0406709270978274,3.01930735016672,3.3890080702524,1.07216327370093,1.59943560511094,0.0561000685549523,3.3881500331776,0.943899931445048,0
94,2,0.993184880192662,0.116657289016916,3.30874468395606,3.02191690375002,1.76422721043107,3.11560178968862,0.993794664187723,2.96086898861261,0.00620533581227744,0
95,1,0.0308903008476455,0.0320785233757568,2.20083607788116,2.72061950797003,1.11482367910731,1.65266268309155,0.0634896731551105,2.71963398216207,0.936510326844889,0
95,2,0.98371580007574,0.0559102429436762,2.39366152070843,1.93807411757942,1.33130235505675,2.32851523735675,0.984333064191365,1.9210460168532,0.0156669358086345,0
96,1,0.0635999753207611,0.0446979935380497,3.15042532607952,3.61867047450414,1.68358773457096,2.56174890649795,0.107050812887865,3.61000737523772,0.892949187112135,0
96,2,0.974761545273467,0.075986074746578,3.23110424131654,3.11949426105315,1.55940660614123,3.08360417697741,0.977136832780832,3.06516001548496,0.0228631672191684,0
97,1,0.0827628146235841,0.175729867921363,3.47541987594274,3.99921587892813,1.45855813886241,2.0032511039229,0.246362911519338,3.96840042527948,0.753637088480662,1
97,2,0.915235771270849,0.145317624731291,3.12238456783213,2.73269439575574,1.71919560465748,2.84533617606951,0.9261572838452,2.63420472082218,0.0738427161547995,1
98,1,0.0260540472839928,0.0691250826045927,2.95582285678986,3.25698966278368,1.13421407069941,1.60960994448813,0.0947361565461637,3.25588453661844,0.905263843453836,0
98,2,0.994687080392753,0.0555329388272491,2.9393965492603,2.66700836211135,1.29522208924882,2.84571763493552,0.994888220676944,2.6212256045006,0.00511177932305589,0
99,1,0.0828289063883729,0.127363239804853,3.8618215789648,4.70139469506051,1.64004782797424,2.46303152746812,0.201808557776856,4.69229444903067,0.798191442223143,0
99,2,0.971164480386796,0.152315648112491,3.35151600500599,3.27549917541852,1.7898635698199,3.06540591088923,0.975404470040307,3.19168665040525,0.0245955299596935,0
100,1,0.144836365426557,0.154189384677785,2.89224025421951,3.28564785257193,1.67535189045399,2.21905292948086,0.282966956256884,3.22376144771578,0.717033043743116,1
100,2,0.825005138638057,0.100128093950032,2.51117031334943,2.35115484744663,1.39421661769612,2.33873329800969,0.842097891177796,2.2741748773141,0.157902108822204,1
101,1,0.0141567748288772,0.00969734318037198,3.34079314102865,3.49626951234258,0.968933457884888,2.24031354005195,0.0248096796330132,3.49619119852378,0.975190320366986,0
101,2,0.996010600595262,0.031973007175956,2.9169668868134,2.89705134030899,1.43489943669939,2.87048236218035,0.996118884733175,2.86331265966457,0.00388111526682484,0
102,1,0.0383646725270405,0.041144690688408,3.01515313586025,3.27416366093263,1.43556384039882,2.22080146142126,0.0792397582121731,3.27148381195006,0.920760241787827,1
102,2,0.993981079757379,0.0901199908746821,2.93795146116873,2.74363373475127,1.61412436822135,2.80784201492595,0.994399212762086,2.69525084238282,0.00560078723791388,1
103,1,0.0240679825200616,0.0111569664976989,2.59539621397657,2.83510010150358,0.97069956889227,2.02128285198697,0.0361200262803562,2.83486853472814,0.963879973719644,0
103,2,0.991430006358293,0.0591079521070462,2.5478666923455,2.36952320309353,1.40313972948207,2.47462019034937,0.991804636349333,2.35083787581498,0.00819536365066709,0
104,1,0.0312393138077235,0.0190137565273454,3.55578420843074,3.99827054088127,2.32964716185485,3.09120503749188,0.0512149054893945,3.99589582239896,0.948785094510605,0
104,2,0.993914871329764,0.107565398108632,3.34079870417356,3.09658968079609,2.94766281180684,3.24185998355707,0.994374609516208,3.01619930830389,0.00562539048379196,0
105,1,0.0835257834949236,0.0358199007759255,3.80071264144572,4.29052478942924,1.07103397238132,2.91486432067353,0.117488797081413,4.29029113687615,0.882511202918587,1
105,2,0.98674550183179,0.0661067454687589,3.36769555403583,3.03685625452421,1.47783417024213,3.2381357919796,0.987459777060374,3.00336284069787,0.0125402229396259,1
106,1,0.0952955892948957,0.0983384369053888,3.17560818481496,3.59212044741164,1.71882285551459,2.4150987546971,0.187347771538477,3.56142557573394,0.812652228461523,0
106,2,0.965061878215534,0.0659303397575491,2.73531223292646,2.54509405289207,1.35833532638829,2.62379157106958,0.9672477887619,2.51347309203483,0.0327522112381005,0
107,1,0.049713996291385,0.0207648678885905,2.99761777160201,3.17646720177333,1.15091206507129,2.39955854470832,0.070855276124547,3.17547045320958,0.929144723875453,1
107,2,0.973719723301933,0.0630372171569071,2.97072718797119,2.8221806760973,1.63558434953032,2.87796680383218,0.975227644398338,2.80537879163831,0.0247723556016615,1
108,1,0.0244221393333024,0.0335058043754704,2.89217324948761,3.1180626243684,1.71531029618241,2.22373900245993,0.0589194274897871,3.11438714213415,0.941080572510213,0
108,2,0.995123197551941,0.0451608208349735,2.61074352205574,2.434774159796,2.20623155776393,2.57817291366376,0.995280553411922,2.401699482159,0.00471944658807746,0
109,1,0.0571722191445903,0.0630528982370779,3.69524621742522,4.15621801768119,1.95637792816271,2.76320911021512,0.118008472221792,4.14723274504602,0.881991527778208,1
109,2,0.993709787522487,0.0958604336944397,3.33787722544316,2.96130736689432,2.04144207409928,3.21010571796948,0.994126589247798,2.90016693202463,0.00587341075220235,1
110,1,0.203545164565959,0.0146117985823422,3.51499793088438,3.87493125212225,1.22867960260013,3.33275763335553,0.216550017342714,3.87338440254688,0.783449982657286,0
110,2,0.979208074220072,0.0302311436382363,2.88706024286927,2.31873565863719,1.398574027272,2.83959573091143,0.979792979037098,2.30943015208352,0.020207020962902,0
111,1,0.0771701207764454,0.0284102307604507,3.47574041149975,4.30226587371233,1.25563746398847,2.89224276248504,0.105327974674579,4.29960446682335,0.894672025325421,1
111,2,0.950089277779344,0.0584762549229107,4.87180430478818,3.80096010033856,2.10693381443397,4.6925544468655,0.952475149809552,3.77648532473838,0.0475248501904484,1
112,1,0.145200081000116,0.099399821659193,3.52632986301301,3.67150583114804,1.54036679511016,2.67025982384227,0.232628657671919,3.63242001946393,0.767371342328082,1
112,2,0.908898994945448,0.187046399508058,3.34564512040122,2.62505057536063,1.65823009020564,2.97548659359727,0.922562460863246,2.5426607104495,0.0774375391367538,1
113,1,0.0447726195586635,0.0158158086406379,2.40264344261941,2.75963646433726,1.07957786711141,2.0098822241077,0.0611182414048509,2.7593037926547,0.938881758595149,0
113,2,0.993922872683475,0.0373909157587438,2.24209063296776,1.96910387954038,1.46094522573651,2.20818277761304,0.994052838659507,1.94832512072756,0.00594716134049329,0
114,1,0.173293890719886,0.239840000888394,3.002013475825,3.1067156068092,1.76772666477232,2.16323130028143,0.37662695178764,2.96358768353663,0.62337304821236,0
114,2,0.795449495786202,0.441064351177499,2.97042349709087,2.80141935933287,2.0301112977089,2.1520116248497,0.887942285248352,2.08495035328095,0.112057714751648,0
115,1,0.137386224221788,0.144568753939183,3.49150359266166,3.74472823199166,1.55267590139892,2.41558113659278,0.266080007697265,3.69335509318268,0.733919992302735,1
115,2,0.908168990015898,0.097209417480451,2.54504780994606,2.09610133037978,2.03293081445942,2.4322153280852,0.915943738929553,2.01085330542945,0.0840562610704468,1
116,1,0.0172518771630928,0.0216176988701003,3.08388842634904,3.1825946383973,0.880970045920398,1.84367495380541,0.03999934863698,3.18244211302999,0.96000065136302,0
116,2,0.990698881998043,0.0656988280784688,3.1671244301042,3.00828691251621,1.45144155154871,3.04481102783173,0.991176342168858,2.97422968914242,0.00882365783114173,0
117,1,0.103920129568593,0.343885400509216,3.36108126478065,4.60595354270238,1.92742092496267,2.18046967972574,0.418614486415977,4.57513796001588,0.581385513584023,1
117,2,0.954154161559804,0.355649613294796,3.39115522159087,2.48806786706707,1.73977976518169,2.7654922968951,0.966284256818377,2.35366130497597,0.0337157431816231,1
118,1,0.0482483510030852,0.0509248973147833,2.38060469735389,2.93094118095371,1.40862342855995,1.87608853324876,0.0980851088343227,2.92419185860335,0.901914891165677,1
118,2,0.938824136468662,0.0179198394699043,2.50878931864482,1.8893333441919,1.50659602844784,2.48855593578907,0.939591774749542,1.88382415156988,0.060408225250458,1
119,1,0.0251741628144366,0.047082318945733,2.67619006812685,2.73399600358395,1.4869022629685,1.93383528064367,0.0723524271175384,2.7288596621168,0.927647572882462,0
119,2,0.996272614893856,0.0714534643051743,2.66812910374756,2.42270130446079,2.01260307847667,2.61544853317056,0.996465166441964,2.38869977712783,0.00353483355803556,0
120,1,0.0390728155768197,0.0451225735894785,2.58861336869765,3.30238923491007,1.5732420017166,2.10745595218691,0.0838327939124883,3.29650909241688,0.916167206087512,0
120,2,0.965758411540089,0.0615683695626236,2.90174318622968,2.28708173368122,1.56177152636464,2.80848085176926,0.967315268687587,2.26679624352484,0.0326847313124126,0
121,1,0.0206570343146796,0.0236704441387113,2.54572549674833,2.74782880443058,1.31302381905729,1.8546650048943,0.045251936922428,2.74656389946907,0.954748063077572,0
121,2,0.997129918535489,0.0411789038321312,2.39081669109938,2.19680008173072,1.17247544386967,2.33834755214352,0.997192352748438,2.15200290725762,0.0028076472515621,0
122,1,0.0497628245034243,0.16519431592165,2.50131869396965,2.93157308220761,1.73225437394222,1.87589518007158,0.209454256144284,2.88027593123582,0.790545743855716,0
122,2,0.97373037342778,0.119834896167159,2.2172731435447,1.74408986374377,1.49534016083332,2.08843779091424,0.97839532229667,1.65280361954586,0.0216046777033301,0
123,1,0.261652825004915,0.625610232214636,4.48890393769731,4.29317608282285,1.84234093262841,2.05681450262744,0.725024972652431,3.35463602919102,0.274975027347569,1
123,2,0.549779912415899,0.57242607451381,3.87615755335991,4.05973334410452,2.01232013259447,2.27439332109958,0.818063149302068,3.13542587050884,0.181936850697932,1
124,1,0.200572849529147,0.0332874455436161,3.29701800419379,3.58747999263032,1.19365580439219,3.00505777631538,0.228307785040098,3.5799924330943,0.771692214959902,1
124,2,0.896172792648263,0.065509698204473,3.31901536160051,2.7543420845727,1.33164891309746,3.16340837727809,0.902233614241028,2.73294226444731,0.0977663857589714,1
125,1,0.109866188477228,0.116557784333013,3.40559900176786,3.87478123689143,1.73618225904933,2.50784908102622,0.216759833611094,3.83496468681939,0.783240166388906,1
125,2,0.95680008580988,0.0455716018499904,2.66758494733745,2.3037876033968,1.14860372650963,2.58764462645884,0.958406990556234,2.28808366954729,0.0415930094437656,1
126,1,0.0647030920000945,0.0139505200919404,2.61919893967879,3.00965830669878,0.92534808421765,2.30208454244017,0.079034484377368,3.00849040327804,0.920965515622632,0
126,2,0.978255588229615,0.0321683966564287,2.69276540116359,2.17391261414798,1.19091062381205,2.63999115905966,0.978782940039665,2.1628602993545,0.0212170599603346,0
127,1,0.0210996658730215,0.0152268262328203,3.42295090733894,3.71318974715685,1.36239603190497,2.52739560847809,0.0372743147210352,3.71292708175134,0.962725685278965,0
127,2,0.988309823888183,0.0379975092995265,3.37583367859145,3.1434961351937,2.01510468620508,3.31889839778716,0.9887148197715,3.12879742356781,0.0112851802284996,0
128,1,0.0278281956123795,0.0209453359191998,2.41905531764586,2.71879934776172,1.14789458059786,1.85349809405565,0.0493046629038186,2.71831352334519,0.950695337096181,0
128,2,0.995073992056216,0.0347161473086352,2.54403040172633,2.29043705404792,1.19860689168691,2.49340809194895,0.99518128038003,2.25574930897679,0.00481871961997035,0
129,1,0.081166381631863,0.0185495640847353,2.65545917565782,3.23185274559097,0.713526143164065,2.27767641905725,0.0994672352323028,3.23169898916701,0.900532764767697,1
129,2,0.948680018960832,0.0483936742376795,3.00931699463885,2.25229694789818,1.46846620556607,2.92561211418179,0.950623870648316,2.2414331567552,0.0493761293516842,1
130,1,0.0524701943114667,0.0219132902314657,4.53137213965274,4.95668399765825,1.30667971176913,3.49547166330103,0.0742970550862832,4.95619638573485,0.925702944913717,1
130,2,0.992937211147094,0.0419764728524103,3.93615081276924,3.807233822208,1.38606571342652,3.82527225844276,0.993185665712884,3.77540495817772,0.00681433428711626,1
131,1,0.0297834154429599,0.0441190216238169,3.33992873489846,3.64597134148423,1.19000000023108,2.06250912134429,0.0736715543891735,3.64498732200095,0.926328445610827,1
131,2,0.9883914601313,0.161002541827845,3.46367459765558,3.1185017700723,1.81467939108125,3.18169656933254,0.989947590353011,3.06024499668768,0.0100524096469887,1
132,1,0.159757512032993,0.42389475809753,3.9359462304728,4.33535977873812,2.12975059069106,2.38606049600779,0.523335076239258,4.03508362880659,0.476664923760742,1
132,2,0.890203475401743,0.0900455834356677,2.66742617409221,2.59834377238208,1.59267225612721,2.51548774665644,0.900000979226717,2.52845629020731,0.0999990207732834,1
133,1,0.124715619969579,0.314763559957394,3.41949448572814,3.88807542699865,2.09884248142359,2.3356035833541,0.404777646824637,3.73577556935262,0.595222353175363,1
133,2,0.960470658538811,0.0679552636527421,2.62831690035538,2.30964567101897,1.23791081313911,2.52074545178597,0.962815301563713,2.28347635367826,0.0371846984362869,1
134,1,0.0302872088438733,0.0880874906684609,3.59830938710568,3.55480529855486,2.02200375533754,2.37869089741541,0.116883440683204,3.5362176143721,0.883116559316796,0
134,2,0.973560692179067,0.753634169160546,4.16046851976405,3.92701223519881,2.41791991345672,2.71546863243013,0.993138306035818,3.20561808346345,0.00686169396418164,0
135,1,0.203557609309209,0.13073015995033,3.18145437510029,3.61782045862112,2.23309819748861,2.79349360874661,0.316027363979778,3.53468277702335,0.683972636020222,1
135,2,0.920589148989212,0.0871609455125241,3.08640945018489,2.58825713175159,1.28289697543456,2.90727353242392,0.926832324902154,2.55840990702547,0.0731676750978464,1
136,1,0.0207723136763482,0.0129038825397192,3.66091863633954,3.82287312493842,1.15419458304817,2.56683456402608,0.0347273251423721,3.82248941373703,0.965272674857628,1
136,2,0.991526367675599,0.0306020174197631,3.29112135383043,3.13679360552196,1.95264922610822,3.24837305512229,0.991736675458757,3.11898969080972,0.00826332454124318,1
137,1,0.0196263819918684,0.0124284141507866,3.14502789042278,3.55069116846648,1.14531731739743,2.27147611825232,0.0331242880027333,3.55041531979361,0.966875711997267,0
137,2,0.994640010588191,0.147047052221946,2.82307484921779,2.56506955312998,1.89956371224048,2.66994313112473,0.995129269324713,2.49389194281725,0.00487073067528695,0
138,1,0.0168916893183343,0.0422102589930718,3.0183738522024,3.26879684272163,1.63672733114451,2.03068198658376,0.0596734968394426,3.26696305337045,0.940326503160557,0
138,2,0.994478219076628,0.0361535770949017,3.28638437569658,3.0168929478681,1.55941639047288,3.22092400520963,0.994617173526916,2.98142213121524,0.00538282647308395,0
139,1,0.259805244293299,0.100442529727295,4.39329072165172,4.2507271134666,1.66834746071694,3.59085726290946,0.336065050910395,4.18807755616135,0.663934949089605,1
139,2,0.911632107895005,0.0465155258701369,3.2044344524776,2.9725862924393,1.90402638035789,3.11142529109169,0.915463963166221,2.93918765011763,0.0845360368337787,1
140,1,0.0630721042716015,0.133149701672858,2.62185912852243,3.38008888153165,1.44300272449687,1.79132796050911,0.189946470413475,3.37011735806837,0.810053529586525,1
140,2,0.972852456778354,0.119514169972511,2.59202286032717,2.08353902943147,1.63489294137127,2.45169877080628,0.975048659429292,2.03530199588038,0.0249513405707077,1
141,1,0.0228550164820709,0.0346057220432074,2.92338733753885,3.27509468976258,1.49865312309211,2.03993061391918,0.0577027929394226,3.27368932817277,0.942297207060578,0
141,2,0.989301141445818,0.0660079942230465,2.71858103263558,2.43748934385293,1.79096430417112,2.65273762793436,0.98987554265041,2.41684061002758,0.0101244573495902,0
142,1,0.0302012525170996,0.0262134356218748,3.02657408336603,3.53687573971247,1.12003986616796,2.09035128396757,0.0573492954870895,3.5361726420188,0.94265070451291,1
142,2,0.993213572555693,0.0718062823917608,3.14292936138028,2.69955288780004,1.56440558571072,3.02207990984793,0.993576068920182,2.65934382700832,0.00642393107981764,1
143,1,0.0219182482698817,0.167396201980744,3.20059819605245,3.61747110010048,1.62479218305973,1.78016700140072,0.186984815984126,3.61093652404988,0.813015184015874,0
143,2,0.233055766201132,0.341119073590177,3.25596644885546,3.47573589151014,2.00820070722642,2.3964059712766,0.502966551316447,3.42663024241215,0.497033448683553,0
144,1,0.0612859539617997,0.112854559186796,2.35588874758448,3.10213128625504,1.49428439139071,1.78323608318853,0.170116939367446,3.0958161632718,0.829883060632554,1
144,2,0.950347043704231,0.0966182148673977,2.64156187598146,2.11443488410131,1.46432610703293,2.51135257374219,0.954030153985187,2.08951261347008,0.0459698460148127,1
145,1,0.0391971319949863,0.0451497204927004,3.60876736395398,3.98921410363856,1.44170006762793,2.36398385564211,0.0837318575196793,3.98784454200969,0.916268142480321,1
145,2,0.984180626718783,0.0204788038855855,4.00025894783255,3.44833112657031,1.56540463240734,3.95156757749168,0.98443532607353,3.43989655227889,0.0155646739264704,1
146,1,0.0818242655942242,0.023784615916535,2.39711199147844,3.02136959280836,1.02765713895559,2.08065685263996,0.104885211093262,3.02049982159813,0.895114788906738,0
146,2,0.955888431784294,0.0503754159069579,2.44485093729393,1.96305599789007,1.30940747268564,2.38040599570476,0.957674773586647,1.95136916437717,0.042325226413353,0
147,1,0.0283139068958424,0.0473597163707814,2.60057893018564,3.15127243054481,1.59951526875141,1.95146630048755,0.0757974562679925,3.14776095361029,0.924202543732008,1
147,2,0.990191449542174,0.0333623017250946,2.62435093597298,2.2774824668401,1.28769075727979,2.57550042827867,0.990458651255519,2.26152116274946,0.00954134874448043,1
148,1,0.0187376403789047,0.0224561935648863,3.26635885639572,3.60562544707851,1.06797217844774,2.02023844522237,0.0415678993329123,3.60543626676608,0.958432100667088,1
148,2,0.97745165509264,0.0513687190143235,3.24548642975056,3.01426567556129,1.34980265980609,3.14512071556499,0.978548290490271,3.00627344587876,0.0214517095097286,1
149,1,0.137897850239104,0.246420522367977,3.86769305927437,4.24985045215499,1.89326190936808,2.46340426193803,0.355545216022251,4.12150803895498,0.644454783977749,1
149,2,0.888196495187589,0.11653357905824,2.73916058045999,2.35713729059479,1.57890747671429,2.55317083688703,0.899896615260115,2.29118955991901,0.100103384739885,1
150,1,0.0961437819133535,0.0704994532790926,2.23507350562933,2.92115207767099,1.38933389124916,1.88006702609508,0.162901020852231,2.91542141955158,0.837098979147769,1
150,2,0.878101890184639,0.0660444764812122,2.87415800460927,2.09514554577289,1.31898252611241,2.7508411921256,0.884747142713049,2.0803618676273,0.115252857286951,1
151,1,0.0281663888692538,0.0660678194528835,2.67888946086399,3.1240100195482,1.56334626962467,1.89775814915508,0.0941071101478056,3.11969698355372,0.905892889852194,0
151,2,0.996406155401828,0.0321170492382418,2.48694669349242,2.14003385239346,1.17040208778417,2.44134483230782,0.996485521635619,2.11294171927149,0.00351447836438088,0
152,1,0.038445900688837,0.0441121535713137,3.14997423396958,3.8105765247259,2.08219012520059,2.56429671727458,0.0825182463858365,3.80566991758554,0.917481753614163,0
152,2,0.989455009464721,0.0609160595419949,2.81585771428069,2.42472926173455,1.79699801849054,2.74559269079484,0.989923329239804,2.40253324644857,0.0100766707601962,0
153,1,0.104026438212645,0.0337735291378684,2.24011547603178,2.65313667972852,1.12853955112721,1.95354292192449,0.135806717145978,2.64989705499261,0.864193282854022,0
153,2,0.943489268873473,0.073992511355586,2.60793635210074,1.96620494118287,1.2975284335455,2.49971192160343,0.946575437253774,1.94670216187511,0.0534245627462265,0
154,1,0.0154378005976701,0.0257975034563536,2.93375197905184,3.31683408088174,1.40219198723534,1.96824807954392,0.0422046911645746,3.31569184507121,0.957795308835426,0
154,2,0.989615581898417,0.13961989923678,3.10621877211025,2.95356357479726,1.62317596527071,2.88226660486207,0.990810872103307,2.88927636607945,0.00918912789669266,0
155,1,0.0190591791871783,0.00635045561041824,2.6219402320485,2.81164369408064,0.921400449942969,2.00227640559323,0.0272132616060676,2.8114945288507,0.972786738393932,0
155,2,0.994023128598935,0.0260468577664212,2.71385309512219,2.41395911548023,1.46667449607867,2.67770317660577,0.994127766143939,2.39515292944054,0.00587223385606043,0
156,1,0.0276275866711771,0.0148253709442242,3.34906544574253,3.6370095320616,1.1884619133587,2.56767479195349,0.0433367987091788,3.63653901014436,0.956663201290821,0
156,2,0.983407755828215,0.0274271682156184,3.33976770247334,2.94197917617247,1.24851505903372,3.27762119756797,0.983837429605735,2.93319872469951,0.0161625703942651,0
157,1,0.128113877344341,0.0271406890968412,3.16092248445287,3.82903074024777,1.12635189884591,2.78300923829703,0.153095124850848,3.82819958422685,0.846904875149152,1
157,2,0.963870499704379,0.0610967075928107,3.12733377307948,2.53735941728559,1.38615358579622,3.01092071560288,0.965696063750526,2.5250855388878,0.0343039362494738,1
158,1,0.0471603605577848,0.0357348554447658,2.23762235869248,2.94229896781343,1.15215841531612,1.76205306911003,0.0823672865713104,2.94130170490754,0.91763271342869,0
158,2,0.969240661508226,0.0997964222133405,2.47598719542196,1.96568416629967,1.46050247623441,2.36028976569249,0.971553057329966,1.93671920029289,0.0284469426700342,0
159,1,0.0147928074524973,0.0393947934430037,2.66695930346391,3.08858603585668,1.27805320395212,1.66879056980455,0.054935595154027,3.08705416548767,0.945064404845973,0
159,2,0.995628472167946,0.0328490933721835,2.73698748883283,2.38819360413163,1.18429089998987,2.68296381246133,0.995725510488989,2.3676841633912,0.00427448951101051,0
160,1,0.0561379518708893,0.0463159136109815,2.54756560666872,2.68313286828719,1.61182348766369,2.14502042858403,0.101768870470206,2.67908576172102,0.898231129529794,0
160,2,0.996377278450153,0.138753074609467,2.5104544872974,2.2814236990776,1.53415925076819,2.36668593656907,0.996702748113425,2.21780544544855,0.00329725188657517,0
161,1,0.141484101195314,0.0479539353740334,3.23087007205355,3.76489449781331,1.35506679859276,2.7398954793188,0.184532541473166,3.75434954051173,0.815467458526834,1
161,2,0.885308853751745,0.0750834311887508,3.28508713740701,2.76752498478755,1.35254153663566,3.11195590771383,0.893030256437139,2.737869357433,0.106969743562861,1
162,1,0.0554876549747715,0.175846035622987,2.64914092313571,3.11542631530056,1.90551692016503,2.04900904790629,0.224798607248807,3.09196960092352,0.775201392751193,1
162,2,0.982947078148237,0.0389517596720273,2.51714854892671,2.22776384442137,1.25446765944482,2.46339755379746,0.983502169581993,2.21586779311993,0.0164978304180065,1
163,1,0.0235978540115779,0.150230076068424,3.28139974615807,3.31700593107474,1.35355202799896,1.57632737808114,0.171424603746279,3.31457370263557,0.82857539625372,0
163,2,0.981066488954447,0.257162831399087,3.26770540650696,3.06069928367442,1.71728961680988,2.84301447078093,0.985483121790226,2.98979962571428,0.0145168782097743,0
164,1,0.0503680272747545,0.115890481666733,3.73760075145486,4.02177846481181,2.30659628286871,2.68005329851021,0.162184870301262,4.00308030604347,0.837815129698738,1
164,2,0.981239972847108,0.035159874258067,3.09664992777067,2.97957466409439,1.29276242163011,3.02850658299438,0.98191299031488,2.97093872211431,0.0180870096851203,1
165,1,0.127517363892604,0.102845561726873,3.89562716362339,4.11152866879645,1.82329917840215,2.92751896087401,0.219101145342581,4.1021472538603,0.780898854657419,1
165,2,0.984256084224136,0.0324639357143224,3.69086213951672,3.45279622803318,1.3948651978286,3.61199889906197,0.984736304943857,3.44204844163468,0.0152636950561428,1
166,1,0.251788887583395,0.052501367759013,3.30864524531624,3.94399177683682,1.09360181217307,2.91095542163208,0.292446803087655,3.94110195435105,0.707553196912345,1
166,2,0.955705224716756,0.0830275559878961,3.53425843541424,2.83531944376457,1.52120063038978,3.35461285958763,0.958838442319041,2.80562488798253,0.0411615576809584,1
167,1,0.265800894907363,0.0895646842645617,3.84474488355008,3.94713358713862,1.68108792262009,3.27996749003208,0.33454303135413,3.89141483879871,0.66545696864587,1
167,2,0.868647117211303,0.061760367877581,3.36909067918791,2.87974807546751,1.3357261858082,3.21837880894344,0.875770819579426,2.84989233142903,0.124229180420574,1
168,1,0.0162404086986179,0.0654809678757769,2.76836875471439,2.92779899833967,1.3593495333757,1.60356174124813,0.081981143140041,2.92518698917967,0.918018856859959,0
168,2,0.991967338629472,0.132761408664045,2.627229462606,2.48071254263778,1.63339657292103,2.48380016632295,0.992739589929218,2.43126682186919,0.00726041007078182,0
169,1,0.0277441377019548,0.0958674519223572,3.6716907908188,4.06143093677612,1.92365488324008,2.29434684215839,0.122187136820894,4.05067983792763,0.877812863179106,0
169,2,0.980899562454052,0.128262409317727,4.02974305779768,3.86386622867673,1.85412498226265,3.72943017674023,0.983137817247881,3.8056715674129,0.0168621827521186,0
170,1,0.0365680481926359,0.0955591448981558,2.43644580904989,2.87224039221607,1.55868925655261,1.78222072020898,0.130200685188013,2.85139172222559,0.869799314811987,1
170,2,0.956272320970301,0.102168510962845,2.63593305966361,2.00065098994619,1.40045856533109,2.49492173162682,0.959593287666661,1.97028675665179,0.0404067123333392,1
171,1,0.0329898948230558,0.0405898542488852,2.2518877757681,2.87805446723031,1.01418684562668,1.52021706609736,0.0739324909200671,2.87721732512151,0.926067509079933,0
171,2,0.973596726815302,0.0421473985582863,2.46757618864072,1.96301537864281,1.28360975497265,2.41035925872935,0.974423283867414,1.95118012844195,0.0255767161325862,0
172,1,0.0475523985489949,0.124219170564008,2.62628429131779,3.53753679486975,1.52194662319758,1.81893168735147,0.168089214451981,3.53064721046478,0.831910785548019,1
172,2,0.950652499472495,0.137407561202794,3.12448094033888,2.32921572166456,1.62279830172882,2.89929977017096,0.955602245341362,2.28926844857324,0.0443977546586386,1
173,1,0.0172103844144972,0.0227506971397173,2.7415062873061,2.98973438585337,1.41998325290579,1.96973054686323,0.0404224494237437,2.98886479750588,0.959577550576256,0
173,2,0.990102105149091,0.108588021316402,3.06745050514003,2.83800843558469,1.88404851477002,2.9328004532328,0.991004956094992,2.7983427182367,0.00899504390500803,0
174,1,0.0626454179861754,0.0824992273854537,3.26476325164077,3.69701462036465,1.28442688846352,2.10163213478027,0.141023330046116,3.69513027885106,0.858976669953884,1
174,2,0.978627296383908,0.100362493806704,3.25500244244696,3.11006131323907,1.35084036616652,3.05553852236806,0.980653822794138,3.08811924038396,0.0193461772058617,1
175,1,0.331080681482485,0.173971529439545,3.50570077827765,4.57367455715246,1.85324144247943,2.85587546049861,0.457760733789398,4.5484359619473,0.542239266210602,1
175,2,0.956488100748064,0.0784225266482315,3.97358866257441,3.20124557055319,1.74384189649892,3.78582292944616,0.959235194622477,3.16504542001646,0.0407648053775226,1
176,1,0.0161394520362162,0.041489658839218,2.62060730094879,3.05031583217046,1.76201676208687,1.97437026735579,0.0579683993489777,3.04792147496974,0.942031600651022,0
176,2,0.987131064693063,0.0528537911463986,2.77857172283176,2.49525906342926,1.78572033650718,2.7194286331945,0.987693696889943,2.47841252507953,0.0123063031100573,0
177,1,0.153781887090016,0.0331792464862122,2.76831872378698,3.24622135771138,1.13512059307811,2.46195272272762,0.183201791739615,3.24345908142836,0.816798208260385,0
177,2,0.822986113167848,0.502762386534692,3.90046616618634,3.82316102162312,2.62897002609899,2.74321605002134,0.91070625155723,2.80075396377942,0.0892937484427702,0
178,1,0.0396931697268735,0.0401952685622842,3.7726746884145,4.25741059882262,1.60178510097486,2.73418571257871,0.0796032150281583,4.25628422551379,0.920396784971842,1
178,2,0.970916622635011,0.0513520426258215,3.57294342108822,3.57886709231238,2.13944738556107,3.49113840896502,0.972243943677717,3.562945070085,0.027756056322283,1
179,1,0.0722341072202155,0.0773393000440191,2.4513957102049,2.80692481703837,1.46751703440001,1.90982213114204,0.145584741220401,2.78806683096783,0.854415258779598,1
179,2,0.956065704525537,0.0545679186113974,2.81358559064259,2.04799200558137,1.07575222565313,2.71270131476301,0.958150922128072,2.03717814253535,0.0418490778719279,1
180,1,0.0330065601422522,0.0599993267773688,3.17259037155599,3.51685055820475,1.61133361502962,2.12197744040159,0.092211531545128,3.51282728505161,0.907788468454872,0
180,2,0.982789490074375,0.181949148123341,2.94621288516214,2.59930145381473,1.82977823003044,2.71908953302253,0.985328816764781,2.54691595708861,0.0146711832352185,0
181,1,0.073650468373239,0.0902876190726282,2.97238904176716,3.67622185769249,1.52869248633407,2.18571926795353,0.159461686887656,3.66700234634877,0.840538313112344,0
181,2,0.94935131039632,0.469264716311957,3.76860205366387,3.57233815578604,2.79150476821793,2.87102909590383,0.973424415047199,2.67815543470365,0.0265755849528009,0
182,1,0.0182128623497233,0.0730810044071624,3.87031004965669,4.10268013519086,1.52034886253005,1.95591437425133,0.091263367989115,4.10048013964127,0.908736632010885,0
182,2,0.988902404213905,0.109467888432575,3.1998148208561,3.07204403811772,1.76228146465203,3.03150880806073,0.989994340423348,3.03694624527544,0.010005659576652,0
183,1,0.0214257532306649,0.0412112956921552,2.97661562942468,3.3265152580537,1.51006354503117,1.98108701783391,0.0633091354120645,3.32437430555481,0.936690864587935,0
183,2,0.984118563808104,0.0426982270956009,3.33112930450268,2.93277019253744,1.36165281387069,3.2407587259643,0.984705113435275,2.92012938864676,0.0152948865647245,0
184,1,0.0202431238321168,0.0164666733779538,3.08991865839488,3.55596910728264,0.734478746406432,1.94141667959281,0.0377110561576598,3.55585781918142,0.96228894384234,1
184,2,0.992312305718407,0.0437201286873386,2.86544681961723,2.59657144952732,1.33585951807167,2.79637080156705,0.992576463260064,2.57406988117907,0.00742353673993622,1
185,1,0.0459161761542694,0.0672109722980715,3.48319195562984,3.54548629062628,1.37907399649959,2.18366137872302,0.111027143427598,3.54370192577028,0.888972856572402,1
185,2,0.463947888569986,0.0817509014515602,3.5151026142282,3.4386044101659,1.32750095153002,3.15896268474385,0.507790252052024,3.4354254876374,0.492209747947976,1
186,1,0.0618759733224425,0.125963656511664,2.36856482626817,2.82741548706593,1.44909186726103,1.70726969244857,0.182464203380201,2.80976444527798,0.817535796619799,0
186,2,0.96543162420974,0.0783970147612459,2.44906645257416,2.19615036403828,1.52010717290691,2.34709215751753,0.967919064728735,2.15444869262448,0.0320809352712653,0
187,1,0.027228517003236,0.0348597723534751,2.75727193220349,3.21296478181902,1.18304934941063,1.88300856797383,0.0626175560268138,3.21192401650812,0.937382443973186,1
187,2,0.991110237816763,0.0642651572059081,3.1732673075341,2.78023687414621,1.61803894754994,3.07005261571316,0.991552931745043,2.75028932639013,0.00844706825495671,1
188,1,0.0376942025034997,0.235733243219659,2.50402268998086,3.2830923995613,1.52854486229138,1.62891920826098,0.267134219293585,3.2710304865501,0.732865780706415,0
188,2,0.929835191576363,0.175158319615276,2.98092971018014,2.73218951981874,1.79272603048444,2.68074091276132,0.941606360220214,2.59530051479553,0.0583936397797861,0
189,1,0.100218569772276,0.233033614845489,2.57053253360759,2.96985021004115,1.61461658711051,1.86039688639514,0.318516729988409,2.88392228033411,0.681483270011591,1
189,2,0.783835721956706,0.544983542395192,2.83488691307173,2.77272190281386,1.944692184915,1.92453695851725,0.901399512849754,1.82805181894277,0.0986004871502456,1
190,1,0.0127413120576694,0.0692133952164048,2.40825542522389,2.76604877597481,1.60844976699838,1.69928464485698,0.0824969626164422,2.76431526678503,0.917503037383558,0
190,2,0.991745844209241,0.568730013272864,2.86676512658339,2.64810571693943,1.81640332963822,2.19074124289466,0.995355888895629,2.26869520162394,0.00464411110437134,0
191,1,0.0196008044324106,0.112434784850396,3.28249414484001,3.67411610397331,1.82445018849044,2.00315015512013,0.131048231281967,3.66969882029147,0.868951768718033,0
191,2,0.994130970356516,0.280940658531606,3.10586840182893,2.98173988265018,1.88388190536518,2.73561252512648,0.995469415984888,2.83403740665302,0.00453058401511228,0
192,1,0.0596141739555918,0.0302931792458401,3.05354820475851,3.48210219200682,1.22658873628583,2.42188034274283,0.0892694585577905,3.48096635163518,0.91073054144221,1
192,2,0.996609623071049,0.0207267991029412,2.50657384799591,2.29970951306464,1.21606729922641,2.47951581930816,0.996648259650032,2.27545818742979,0.00335174034996791,1
193,1,0.0552228753062915,0.0334745034861714,2.56360844361243,3.21682436936057,1.01081691627721,1.89962545471977,0.0888230597365915,3.21642325074475,0.911176940263408,0
193,2,0.980463446112091,0.0429285621613668,2.78426109365107,2.28181823134984,1.34027915168785,2.71888900128687,0.981173518733776,2.27057453334651,0.0188264812662242,0
194,1,0.0482452528545312,0.100373142405342,2.53352051041506,3.10124332749105,1.49910538037278,1.81186714746247,0.145453134220743,3.09222008670505,0.854546865779257,1
194,2,0.956395989288324,0.0561499322750588,2.61401658187682,2.14023052426551,1.22244257488826,2.52637978380594,0.95858021053816,2.12913990542177,0.0414197894618398,1
195,1,0.215871814426547,0.104253476860467,3.75337886445013,3.67126536931349,1.52630195499719,2.95836319433778,0.299392302075402,3.62563747488913,0.700607697924598,1
195,2,0.837760287425837,0.081168290610502,3.54374952510226,2.98663974986913,1.58116347760523,3.33741825319271,0.849625382342495,2.95041767862614,0.150374617657505,1
196,1,0.0994943036185226,0.0496669825595892,3.53675030683442,4.18521000114889,1.22797560345683,2.77619657218436,0.14581624299223,4.18012516383505,0.85418375700777,1
196,2,0.986043973334132,0.0450827615612539,3.63835152307462,2.81288525771027,1.5831397811511,3.54383678520475,0.986564082607264,2.79104306688228,0.0134359173927361,1
197,1,0.0426151573846233,0.053038495345095,2.42680297966907,2.93704747047214,1.51889493750204,1.89975149136975,0.0949887740529819,2.9269156013995,0.905011225947018,1
197,2,0.947993466545046,0.088675803750361,2.53354081531438,1.9887635187113,1.37014362585897,2.41494560305399,0.951741835493895,1.96206410154297,0.0482581645061053,1
198,1,0.048311273926146,0.0823241527758748,2.5577106155663,3.16085433302744,1.60470391970763,1.93817088771544,0.128910283082769,3.155126981581,0.871089716917231,0
198,2,0.987958227385028,0.117261014950177,2.67741053847439,2.22976822029419,1.67384690705938,2.54470555351425,0.98905006068949,2.18805179981232,0.0109499393105098,0
199,1,0.0232111289168928,0.0528033338449227,3.51643536497192,3.94596656965574,1.72054113763473,2.25327017560563,0.0759044116938059,3.94137496526389,0.924095588306194,1
199,2,0.975891279015849,0.108119568539904,3.86135243773021,3.3948278991582,1.71863763769258,3.61809148824567,0.978228422592336,3.36903154695448,0.0217715774076645,1
200,1,0.076857702265532,0.0285699480790538,2.47085087933503,2.69138593416231,1.20107131551069,2.1800843868085,0.104497785240587,2.68902853465489,0.895502214759413,0
200,2,0.993277094474524,0.0626809976511551,2.50613218251639,2.17173274465729,1.44228768772072,2.43728024602305,0.993559357947486,2.14688113280094,0.00644064205251447,0
201,1,0.0587251571695866,0.0341046890899741,3.6247785159898,4.48781267741703,1.44443594946868,2.8345398791729,0.0921495934806455,4.48619694123797,0.907850406519355,1
201,2,0.939985468338431,0.0972822269473994,3.79767047440438,2.97479414111177,1.85622259986168,3.59145187582513,0.944840035730472,2.95425429530211,0.0551599642695283,1
202,1,0.0321362419565612,0.0604415504259269,3.8338843530297,4.09245262325882,1.49678631347598,2.30468286226118,0.0919249033921409,4.09006773526308,0.908075096607859,1
202,2,0.543796947807977,0.071591902867602,3.70976127572072,3.87256953945099,1.71824760894391,3.45170513173178,0.577402822210253,3.86836736183155,0.422597177789747,1
203,1,0.0290426889233076,0.0523359955110401,3.02804371434303,3.54222244381671,1.25843755032006,1.83872876787524,0.0814168290300547,3.54009601051467,0.918583170969946,0
203,2,0.977917279842865,0.0461182872731677,3.2344361955754,2.72993426255965,1.58348662302679,3.15549981876386,0.978747263409934,2.7157877159488,0.0212527365900663,0
204,1,0.0574619389144651,0.0528881082701959,2.85393369766405,3.2925324401621,1.5784670920431,2.25116660689008,0.109035091414203,3.28902830096332,0.890964908585797,1
204,2,0.972488726002925,0.0702112352194965,3.31792375791068,2.89722689021334,1.71957468431529,3.19859131532994,0.97407734665813,2.87654039559575,0.0259226533418703,1
205,1,0.0286790761126542,0.450033734014485,2.80904723732446,3.36790683165687,1.21806860642431,1.26929974659341,0.466048725027725,3.26792275306448,0.533951274972275,0
205,2,0.990805409521561,0.662156779459628,2.57231499354983,2.36762187274603,1.23636127134904,1.6727800478981,0.995562199383456,1.91450021759403,0.0044378006165441,0
206,1,0.0147635052476934,0.0119445385962612,3.27521600722514,3.59422716285353,1.25852637376289,2.2818304128382,0.0276570306556472,3.59412322707791,0.972342969344353,1
206,2,0.99212385535413,0.0495445917678239,3.11291916464972,2.947892479322,2.12558211732355,3.05673765748877,0.992406589680588,2.92049492956049,0.00759341031941195,1
207,1,0.0972700126931649,0.0711369221104721,3.59221641621099,3.85605551861105,1.50919986616909,2.71048612487981,0.16361814672927,3.82915144467885,0.83638185327073,1
207,2,0.973547235655014,0.152634379237807,3.2632575110722,2.59328340703827,1.38812318892388,2.96055602168286,0.976823658430337,2.52804356063093,0.0231763415696629,1
208,1,0.0128512477806841,0.023619636604524,2.62045921756732,2.98775435974836,1.51515601267021,1.86334443331405,0.03710996455758,2.98691949845297,0.96289003544242,1
208,2,0.98534297621079,0.0551149926488734,2.9999583820214,2.61255009604398,1.56436395087032,2.91735269092861,0.98600900997061,2.60176544365962,0.0139909900293902,1
209,1,0.0152275804749532,0.0566467992907845,2.31157776870087,2.79004225003323,1.29013223416244,1.48299999335642,0.0722603767075122,2.78785219621404,0.927739623292488,0
209,2,0.991149600106008,0.0394564252482763,2.69151333088161,2.47062514904853,1.58428531533756,2.63883609307817,0.991422312369325,2.44552606662611,0.00857768763067559,0
210,1,0.104811945423413,0.134149848097326,4.32964977605954,4.84456872280039,2.0521869893177,2.98724020729031,0.226929326114683,4.83288668230038,0.773070673885317,1
210,2,0.978830677339178,0.032764975599057,4.05515251795212,3.77950954179752,1.10844912470071,3.95343711650215,0.979470789168741,3.77047642874609,0.0205292108312586,1
211,1,0.0471738550649291,0.093429941709636,2.82388337909105,3.43750887100693,1.68115149749261,2.05049408913852,0.138069218009302,3.42172240044173,0.861930781990698,0
211,2,0.96368292701004,0.12317716055901,3.23953283005499,2.69027795928619,1.50313583275277,2.9999857997732,0.967565014233012,2.64214648108576,0.0324349857669884,0
212,1,0.0940271947657884,0.0516007113728983,3.05158572512508,4.08081751547486,1.48072554400622,2.46220157346707,0.142543116229517,4.07956319525506,0.857456883770483,1
212,2,0.96660988326997,0.0586234955448236,3.5390190736811,2.85973882723337,1.47558080504479,3.40911709297908,0.968186151035716,2.83910578791612,0.0318138489642836,1
213,1,0.020347099599246,0.0454637643049826,2.52790194870258,2.9896407718286,1.7578966671596,1.9522244904863,0.066278623754221,2.98700095585031,0.933721376245779,0
213,2,0.995186171228275,0.128878464560713,2.74914377798477,2.45126639578177,1.78072413827046,2.61010041652465,0.995663484354945,2.3848899368298,0.00433651564505467,0
214,1,0.0543776000296015,0.103271688342929,2.79563931654347,2.91022556642735,1.93483820314696,2.20651432304294,0.15416118780256,2.88255285953434,0.84583881219744,0
214,2,0.992742808967823,0.0269197408883262,2.51055426295151,2.36235768132449,1.16307494086303,2.47296944575093,0.992887732968093,2.34802889007162,0.00711226703190666,0
215,1,0.0567860099510175,0.0267405593681107,3.78447865686137,3.87134698353829,1.14246467187152,2.83975573178491,0.0835839705422516,3.87087630393284,0.916416029457748,1
215,2,0.990436681228466,0.0823374763860684,3.70113539056229,3.25759930002559,2.7484147167805,3.60109971592848,0.990946440345343,3.21766976578055,0.00905355965465673,1
216,1,0.0240762615657728,0.0317280666661661,2.69248541210552,3.0969052381992,1.64144319962013,2.06638485334243,0.0565014259031155,3.0956531414513,0.943498574096884,1
216,2,0.997095049943568,0.0441530531364551,2.66114771031151,2.51724906174036,2.08986946343769,2.62319282256864,0.997143036605426,2.474067986112,0.00285696339457368,1
217,1,0.0164263220583965,0.0158868602638086,3.2491183375214,3.34741972379193,1.87184182315705,2.49674598979616,0.0334493016720028,3.34535039836919,0.966550698327997,0
217,2,0.99639644682995,0.0745792665204515,2.63738416497884,2.44242150168289,2.28631304547983,2.5871687472753,0.996499265874604,2.39195777841913,0.0035007341253965,0
218,1,0.159538820575776,0.0533858668596371,2.80494823402705,3.51677157059007,1.07278811373122,2.34555770732602,0.20591538432483,3.5151508309508,0.79408461567517,1
218,2,0.9592192060757,0.0780686742973434,2.90456089062043,2.2701188667283,1.58727468768824,2.79224768013837,0.961858351496316,2.2429845385028,0.0381416485036846,1
219,1,0.0833916341017566,0.289809558707474,3.09712345245268,3.33509377230549,1.93110137046725,2.09474570767537,0.35251065361079,3.15028860399171,0.64748934638921,1
219,2,0.858027299617276,0.238933725130113,2.85641693817768,2.6096765728315,1.89533261293281,2.4476988816651,0.894225846977973,2.3499147220708,0.105774153022027,1
220,1,0.0866642677077342,0.0469276665781501,3.47401551588339,3.97246650494199,1.20415665553733,2.64538345696002,0.131003224546819,3.97144081892675,0.868996775453181,1
220,2,0.983129715984074,0.0538943159595997,3.41919169699443,3.0832256486151,1.54318529787679,3.31468865733564,0.983893833752529,3.06655198027712,0.016106166247471,1
221,1,0.0247521197922058,0.0372022717887931,2.57329087269332,3.07893122693821,1.22521163105035,1.77368194598288,0.0625288904028556,3.07767241919543,0.937471109597144,0
221,2,0.991666957523496,0.0697491568237953,2.56865086289779,2.35735015991568,1.51039923019651,2.48906217044241,0.992213952093277,2.32228784687405,0.0077860479067235,0
222,1,0.0925981660106005,0.0486881496092913,3.22229482823907,4.17979202017666,1.46281031941169,2.66464966655008,0.139223367148242,4.17535152423906,0.860776632851758,1
222,2,0.955739296721299,0.0450208006120632,2.90708733374024,2.36268926582367,1.34789170957374,2.82883597693703,0.957462577173697,2.35157199306601,0.0425374228263035,1
223,1,0.0527785354624842,0.0444405978693301,2.70342747912441,3.18787451309921,1.29896001901074,2.05611542235178,0.0965872000343774,3.18058637029659,0.903412799965623,0
223,2,0.932679333214503,0.0966218057187335,3.00458682170895,2.24431257951078,1.41339580726757,2.83339123384735,0.937758641122168,2.21678144161351,0.0622413588778318,0
224,1,0.0499126310661126,0.0267639055643584,3.6094061131264,3.88005088118729,1.20096324521161,2.72324676311309,0.0769977537570671,3.87892840002904,0.923002246242933,1
224,2,0.979785092158626,0.0344116460560262,3.63078100293131,3.14562470551163,1.43047713003769,3.54870421737834,0.980353899399509,3.13420013223805,0.0196461006004909,1
225,1,0.0192819429296222,0.0239300137588703,2.63561818577971,3.3050047149342,1.05477121963148,1.71956483538815,0.043877070314355,3.3043931650605,0.956122929685645,0
225,2,0.967103133409568,0.0842620655257865,3.33509278417149,2.59002592070384,1.17317865953196,3.14503768984105,0.969659541995368,2.57236015157271,0.0303404580046323,0
226,1,0.0132980619587286,0.150929696198551,2.51200298834656,2.90001770045178,1.63089887759686,1.67740411299567,0.163501786076112,2.89423507267316,0.836498213923888,0
226,2,0.993174637784375,0.494998985874927,2.72966286125072,2.38289201373121,1.63519226354355,2.17037180005684,0.995756725349859,2.18879777160159,0.00424327465014127,0
227,1,0.0105338885640405,0.0165831254799067,2.30582814284206,2.7363744027752,1.67992365112239,1.83762635727387,0.0289885570436041,2.73554736386324,0.971011442956396,0
227,2,0.95436182855096,0.819397532841118,4.47639078780099,4.78008930219262,2.34617181031311,2.37342608595671,0.99262082901322,2.53743304302362,0.0073791709867799,0
228,1,0.0243522492907857,0.0195048493843457,2.48703406500816,2.75571051037297,1.15597045881717,1.88791871292603,0.0445209351413303,2.7551624757011,0.95547906485867,0
228,2,0.994074282200942,0.0565663401537299,2.99983316283901,2.7126263377071,2.01811856514857,2.9383534696147,0.994258764706238,2.67075340078593,0.00574123529376172,0
229,1,0.0649352302660898,0.098772234492778,2.8666285361244,3.36033607593915,1.34970594245353,1.93999311667925,0.159718029453393,3.34234108475464,0.840281970546607,0
229,2,0.93352116164033,0.0711403621471688,2.93644343275985,2.33351571945275,1.29242298685843,2.80284341920287,0.937611298154842,2.31197761679483,0.0623887018451578,0
230,1,0.235111036444663,0.0299820129673956,2.73358286806416,3.34367031301221,0.997752676055242,2.52196711249842,0.259866828745155,3.34210462478851,0.740133171254845,1
230,2,0.94909115101878,0.0483905257653926,2.76092704736627,2.21484309215595,1.21537400383384,2.67674622751959,0.95103764177981,2.19928227770098,0.0489623582201901,1
231,1,0.0767034241098126,0.0318952383547293,2.9300165093921,3.54209222376562,1.16881479903778,2.40106205985539,0.107643001878414,3.54012271171471,0.892356998121585,1
231,2,0.97715185544693,0.0451496462181086,3.5644026165737,2.88438772790985,1.5283537960382,3.46504898379638,0.977993642999442,2.86748027793389,0.0220063570005577,1
232,1,0.0313444258382835,0.0524868183961121,3.27657770750857,3.73459462571451,1.80124914296656,2.31732491041894,0.0833526856314943,3.73045385264481,0.916647314368506,0
232,2,0.982111797568871,0.114407708557363,2.95736550046415,2.84352565923669,1.85864355171361,2.81789447589411,0.984704884812652,2.79258369812016,0.0152951151873481,0
233,1,0.00923851215933762,0.0512814082470444,2.70070460982209,2.96039071900532,1.17648073159198,1.39165935915391,0.0615413268337902,2.95970591987619,0.93845867316621,1
233,2,0.988797664361475,0.0302128556004358,2.79191278902863,2.70362949263956,1.29003900871451,2.74159259757562,0.98911202677875,2.6865796738019,0.01088797322125,1
234,1,0.0432263824531425,0.0163800133682175,2.76238940067725,3.37872708984814,1.22276842397355,2.31330946647504,0.0602570014155689,3.37774053954767,0.939742998584431,0
234,2,0.976225206758365,0.0280237366687279,2.93371455567109,2.40581829724177,1.35522146160445,2.88787446312425,0.976718441867862,2.39679640495,0.0232815581321375,0
235,1,0.0316976213361785,0.0277435518415066,2.38320473620926,3.06343759812875,1.09231605092999,1.7702934032791,0.0598446562267639,3.06247262596757,0.940155343773236,0
235,2,0.979215472226123,0.113302599071664,2.50585535288968,1.91530657025849,1.43669633017809,2.37641295967119,0.980793742023694,1.88595720304621,0.0192062579763062,0
236,1,0.0554158378817311,0.0324873234894847,2.78633731717355,3.33635509913845,1.13029494198535,2.17489813814652,0.0873018551580456,3.33470540485011,0.912698144841954,0
236,2,0.979689142354846,0.24731075379402,3.16439740744882,2.58568653071877,1.72383428915804,2.77336742131642,0.98345173225411,2.49108272014261,0.0165482677458895,0
237,1,0.0307204886631492,0.0502780977121774,3.77052341433925,4.27028435638007,1.74817275933467,2.53166088849242,0.0808923986316464,4.26656928834222,0.919107601368354,0
237,2,0.971431015320398,0.152869159605749,4.23040982059232,3.91014750730479,1.88628355730344,3.84159867049234,0.975445733632574,3.85616654384286,0.0245542663674262,0
238,1,0.016297507709698,0.0173060272229647,3.23703013650627,3.57850946070158,0.979916211264721,1.97166285962831,0.0348564059156585,3.57823777883107,0.965143594084342,0
238,2,0.995419954053044,0.0712660657304322,3.42481392541561,3.24661934373989,1.6593764068935,3.29157583629108,0.995601912803748,3.16101620728317,0.00439808719625147,0
239,1,0.0307665395187072,0.0169129631303365,2.16552723216733,2.73360399148084,1.14046423168503,1.78879730218934,0.0479684905659316,2.73343410326603,0.952031509434068,0
239,2,0.98521686497572,0.0366173123280765,2.47764698109239,2.04747094295194,1.44314083720548,2.43635649514109,0.985588735688469,2.03721856513609,0.0144112643115314,0
240,1,0.0697673765159465,0.0442085710031002,3.0060925800796,3.44217117617611,1.42281899205603,2.39991742033291,0.112207991543733,3.43866021291727,0.887792008456267,0
240,2,0.988717806683591,0.0425830842753038,3.19452926318796,2.75921610858713,1.32371396681345,3.10970572561337,0.989160501242803,2.74324049117718,0.0108394987571966,0
241,1,0.0747197529220203,0.333449865442376,2.87674408714448,3.81768615350925,1.72996463007408,1.87108019530821,0.387657632209648,3.79246215529482,0.612342367790352,1
241,2,0.891319343391749,0.296203402082058,3.4984103039667,2.73037914006847,1.61666572909411,2.85953561897364,0.917898049444815,2.60417854037148,0.0821019505551847,1
242,1,0.0515020183073388,0.0939476589957076,2.60128945897713,3.14814554122042,1.40454651664138,1.80440468545819,0.142929551185279,3.13649615549979,0.857070448814721,0
242,2,0.911440380942655,0.099608681705612,2.95567421665837,2.22778585412972,1.3865267793356,2.77879608315361,0.918536841989672,2.20145011403699,0.0814631580103285,0
243,1,0.0885063430598807,0.0705229827694725,3.43780915357931,4.35964998594136,1.57236873246979,2.57461312724765,0.154821642783655,4.35205553291938,0.845178357216345,0
243,2,0.930854111401477,0.0553636774835287,2.99199947305423,2.52120288553412,1.58103322489413,2.89168184185956,0.934261166651118,2.4964253152045,0.0657388333488822,0
244,1,0.0643858564202888,0.197947222710441,2.83531434286849,3.31230610138861,1.66150145676433,1.90636373107849,0.252895539103818,3.25616024797467,0.747104460896182,1
244,2,0.569515252073137,0.116884792524369,2.63088831506387,2.7962731163562,1.68997415913972,2.40697588558123,0.625347236232512,2.70335073485635,0.374652763767488,1
245,1,0.0148709111693407,0.013904206912579,2.63614674550652,2.92926042782865,1.49362469529981,2.02041194127736,0.029772337017064,2.92886649507676,0.970227662982936,0
245,2,0.993924188162208,0.0411744846741122,2.69941741932604,2.39020583326644,2.35237371494638,2.6754940880464,0.994039059195495,2.37484098936514,0.00596094080450547,0
246,1,0.0504000662416831,0.0628390209627026,3.04871147559539,3.37615268204816,1.72797483918186,2.34418263072297,0.11183404819538,3.36944078337853,0.88816595180462,1
246,2,0.989414406558804,0.0513274937938539,2.98980118111363,2.77978098802653,1.39555704377017,2.90268824729502,0.989927033839248,2.7619661297364,0.0100729661607524,1
247,1,0.0175876606705532,0.025928510362134,2.65383283313295,2.92091584151646,2.11818332183971,2.30280976501999,0.0442945831957316,2.91847502064248,0.955705416804268,0
247,2,0.996902976937888,0.00928296616538111,2.54566148845073,2.34557601062332,2.48596065944067,2.53899154809228,0.996911262393917,2.3327824348775,0.00308873760608328,0
248,1,0.0425590394541253,0.012697727476887,2.4794098543092,3.19864136806802,1.30040523371433,2.16022483558483,0.0560894198632543,3.19823944892818,0.943910580136746,0
248,2,0.91919634469379,0.806223061294249,5.9897758685953,6.65903349769052,2.52358791594995,2.60974272412589,0.985233884505871,3.14863281950029,0.0147661154941293,0
249,1,0.0555447264031998,0.0175378724588268,3.12186958201705,3.99732997683029,1.07836826057407,2.59213715465187,0.0733908331521491,3.9969159112703,0.926609166847851,1
249,2,0.988419826428744,0.0419868928336743,3.33013814375584,2.60490501492261,1.75670835410742,3.25736202579226,0.988738755366255,2.58868446751665,0.0112612446337453,1
250,1,0.15178000057748,0.140282525786813,3.24283778979495,3.41053718024511,1.61007047855027,2.35794177839176,0.272848920553705,3.35994383532016,0.727151079446295,0
250,2,0.932275563727399,0.0986224440385374,2.38429394975507,2.14400551096451,1.34857029078311,2.24328876816367,0.938612187809858,2.0982981378355,0.061387812190142,0
251,1,0.0132074982778078,0.0213797693733953,3.08929664997954,3.27055168499337,2.01530621493869,2.37157483509872,0.0356948821289598,3.26907870052175,0.96430511787104,1
251,2,0.973411255253677,0.754912136871887,4.20904475735804,3.9227480100671,2.89207365371489,3.04734788753017,0.990910290572358,3.12655572771908,0.009089709427642,1
252,1,0.0139646585325522,0.0575673035118205,2.54514792997794,2.7612033945964,1.70620866017323,1.84558670381018,0.0720662822688825,2.75685002381517,0.927933717731118,0
252,2,0.993808871202483,0.470286785634131,2.7525609711533,2.48140629639788,2.34620981583948,2.45261115230316,0.995695064450588,2.27687855754742,0.00430493554941211,0
253,1,0.0538660513489142,0.0391397351798094,3.85093333157257,3.99731152083121,1.50385494126799,2.86799872666875,0.0921537028558582,3.99486426033111,0.907846297144142,1
253,2,0.980836672072435,0.257341929642019,3.87005157988019,3.49446205928053,2.72618302606507,3.51619084224604,0.984739256290837,3.38265809012889,0.015260743709163,1
254,1,0.0953219100460344,0.127469147191109,3.24312496491261,3.57299740737585,1.80430626481337,2.3802862587918,0.214376750876939,3.51862708360239,0.785623249123061,0
254,2,0.931318222126381,0.487713575635938,3.70794637949329,3.68461192260329,2.64099823933138,2.70827755484313,0.963003003668431,2.70247712263828,0.0369969963315688,0
255,1,0.146591532166313,0.120879585009274,4.2058129996771,4.38791901399608,1.83212686156793,3.01522205824156,0.251863930089868,4.34421782761723,0.748136069910132,1
255,2,0.948836397717047,0.0634517693606463,4.5127632850022,3.41624964131825,1.88891921565297,4.33018686126232,0.951412393917721,3.38979496620444,0.0485876060822789,1
256,1,0.246786546520239,0.142728868445252,3.19751762646267,3.53974976361201,1.80092696295731,2.61808211719451,0.36033383691515,3.47957681537881,0.63966616308485,1
256,2,0.911206619858934,0.0976493781643729,3.16551492105089,2.46236675589566,1.42537724718674,2.96916465150543,0.9184159116273,2.4321885009572,0.0815840883727004,1
257,1,0.0322784242669033,0.0312480081461803,2.3723897623571,2.59495817880541,1.19179167295332,1.82855415678435,0.0638841262674391,2.59386391607374,0.936115873732561,0
257,2,0.996127715412309,0.049459863571932,2.31077181607033,2.05266582838569,1.36568878287923,2.25905641355982,0.996228760130103,2.02640898304409,0.00377123986989707,0
258,1,0.120230698247435,0.309954094744127,3.13981503805191,3.37493218582338,1.78068289314489,2.05917189780988,0.399429720564009,3.21418080566449,0.600570279435991,0
258,2,0.88539503921567,0.0743086707731866,2.47522573361605,2.42407391429554,1.52137763571349,2.35749236532936,0.89451179542366,2.36994222212242,0.10548820457634,0
259,1,0.106787104569358,0.0649428918394333,3.18776152974388,3.44138585204398,1.47837320079615,2.51182032156848,0.167175101063181,3.4214623089313,0.832824898936819,1
259,2,0.934562033687278,0.0509818376896618,2.52425969535907,2.12723395974354,1.38214042516146,2.45260160243703,0.937421105197432,2.11115366595579,0.0625788948025678,1
260,1,0.0207453140913313,0.0103490031216903,2.77632339179069,3.23123754736897,1.1672951022357,2.15169434663784,0.0321297848568366,3.23101237743391,0.967870215143164,0
260,2,0.984009155268728,0.066306414406877,2.68465317951583,2.3028709781065,1.7044746152732,2.61397901870542,0.984833363370659,2.29009490385549,0.015166636629341,0
261,1,0.0191028575850613,0.0684781192871835,3.70922197400301,4.21659163358037,1.53943165663976,1.97820637408575,0.0872735762474963,4.21539262227976,0.912726423752504,1
261,2,0.99664102903597,0.255030236076777,3.5634988011164,3.3196054044062,1.94861994602545,3.13680551116183,0.997212139549189,3.09136773060536,0.00278786045081097,1
262,1,0.0479657036673665,0.0353681115085245,2.30479653302878,2.79333215758586,1.18462245491487,1.82350660677849,0.082773456567994,2.79087740225987,0.917226543432006,1
262,2,0.977275603171297,0.0398026264488138,2.7311905458927,2.08524001651578,1.42267324627605,2.67428852441392,0.977912200551516,2.07565750291822,0.0220877994484835,1
263,1,0.0131402726241899,0.0159196524514064,2.17653568090724,2.53883729716742,1.27380354410142,1.66664881648408,0.0299379604619808,2.53814315394229,0.970062039538019,0
263,2,0.990995818372243,0.208411437616219,2.62966263210608,2.19079294710012,1.99969910760002,2.48267928553091,0.991908977956245,2.13357925029399,0.00809102204375497,0
264,1,0.0493359746165512,0.0817386576474075,3.34767364242635,3.65284748435339,1.57484966468122,2.20763535933825,0.128776289308149,3.6471951118388,0.871223710691851,0
264,2,0.992656545936642,0.111677630043739,3.30145421245407,3.0690750826997,1.96291348548811,3.13825621631085,0.993375632338872,3.00671657342317,0.00662436766112842,0
265,1,0.0232831520337358,0.0207128248407376,2.21475237210902,2.63480681231565,0.913291213063548,1.5663773233757,0.0449813809475266,2.6346429756187,0.955018619052473,0
265,2,0.994250368948013,0.0380468444554783,2.40723707259405,2.02927986350507,1.39524722787383,2.36554393986072,0.99437846012275,2.00884565549568,0.00562153987725004,0
266,1,0.0517838270332533,0.102509431527977,2.37312616836411,2.76919996273311,1.53066441359732,1.79602693416525,0.151278832473133,2.7418799359245,0.848721167526867,0
266,2,0.980853345333924,0.0341279645662735,2.2017214452633,1.65636815350711,1.06776314955805,2.1613771407925,0.981321876613447,1.64589170060699,0.0186781233865525,0
267,1,0.197167525612262,0.593089538321972,4.12866448788439,4.02762081543321,2.00028307101552,2.14200388762237,0.675920567514233,3.22024894212708,0.324079432485767,1
267,2,0.879868983675648,0.0618712465603292,2.18496729020578,1.82144183191214,1.23152150002114,2.10538836367372,0.886064427814274,1.80118592860914,0.113935572185726,1
268,1,0.281952480779918,0.0168704560100363,3.36754265733589,3.58645048991095,0.9888650195789,3.22077012641336,0.29515870736411,3.58349241791994,0.70484129263589,1
268,2,0.829208780649421,0.0758386650143019,3.01121688824442,2.34688040933405,1.58613051414548,2.87151545193945,0.839345687862963,2.31315461767006,0.160654312137037,1
269,1,0.0474134210389771,0.162805095841694,3.12016164532551,3.48833248977889,1.50185372408481,1.81487651032702,0.204198565152829,3.44910281125182,0.795801434847171,1
269,2,0.559869321290028,0.0406618495708162,3.13883405293338,3.23350185767871,1.19758070170135,2.99529532389247,0.57880988601581,3.22300046651647,0.42119011398419,1
270,1,0.0277922550049107,0.0268695457152324,2.5705673772756,2.85462222085484,1.16292194927747,1.83225359457262,0.0552660606142335,2.8535572541856,0.944733939385766,0
270,2,0.992112163941758,0.0846221543486467,2.7185661665308,2.59344844401561,1.95834178134558,2.6273061735903,0.992635511941048,2.53666712247488,0.00736448805895146,0
271,1,0.0179529840284902,0.00887593100502312,2.69233431989576,3.13584814252842,1.0644701970793,2.06952378421592,0.0279300151899878,3.13577245019425,0.972069984810012,0
271,2,0.995725345921593,0.0522316638810536,2.9552884132345,2.66624248615829,1.51563940998673,2.87689557544036,0.995856126075314,2.63128732694864,0.0041438739246857,0
272,1,0.012719480871928,0.0164162788941743,2.64969812300586,3.02910533018548,1.08399041359574,1.75916671005587,0.0301596360375493,3.0281047727676,0.969840363962451,0
272,2,0.992771712289507,0.08813680498433,2.54866694004212,2.16578745946581,1.80943111737726,2.46970178904427,0.993115496071417,2.12457780669859,0.00688450392858323,0
273,1,0.129968947400762,0.026916483099436,2.42930020911189,3.01847356356492,0.984720743760977,2.17590703462245,0.154797164729872,3.01787542600265,0.845202835270128,1
273,2,0.945587090378323,0.127812299291258,3.06636515890833,2.37977734291253,1.83045771928698,2.87925655416651,0.950922577151376,2.33790045397949,0.0490774228486235,1
274,1,0.0318177548096171,0.011254294696068,4.62124035064227,5.54201771094271,0.908278112504048,3.50341617810044,0.0439272263338779,5.54164940397544,0.956072773666122,1
274,2,0.97594210061869,0.0630476197955465,4.02663478743562,3.52696638758937,1.24300735128977,3.84347301810583,0.977363229138013,3.51471879348377,0.0226367708619873,1
275,1,0.0160384088402313,0.0338318028610489,3.3097663161278,3.57565149205817,1.40660551446926,2.00347678148805,0.0505722467328697,3.5748748302931,0.94942775326713,1
275,2,0.993504753013214,0.182920733359673,3.5259364888604,3.1671705759983,1.80238384435343,3.19797318641995,0.994425988441472,3.07573425419905,0.00557401155852751,1
276,1,0.125801798984462,0.454304137581408,3.64071501094184,3.6922405269483,1.74474831697623,1.9516177599516,0.52633165007937,3.33803624863723,0.47366834992063,1
276,2,0.852302525429815,0.119836661865974,2.73409291171914,2.45978598379025,1.95146594194141,2.54946293045158,0.869721699591337,2.33840940529044,0.130278300408663,1
277,1,0.0669210852009067,0.133151105395132,3.1835416817707,4.02432476172443,2.02995014716306,2.37456084028578,0.193845181489364,4.00882693618003,0.806154818510636,1
277,2,0.986632993567999,0.0812893747743211,2.86564129844509,2.60421490048898,1.31383748424272,2.72638626176656,0.987628891103932,2.56896043820953,0.0123711088960683,1
278,1,0.0866095488734077,0.0971348579654347,2.57548297217542,3.11295968091121,1.67935244142082,2.08584772715905,0.17805701186061,3.09847763307579,0.82194298813939,0
278,2,0.980647060069858,0.0506806650616035,2.62012595177835,2.21915450696083,1.28445020920205,2.54663547949506,0.981496089956694,2.20143413915837,0.0185039100433064,0
279,1,0.327793099563753,0.051318067909719,3.00986164685325,3.6733386983572,1.33234608803488,2.77792730991433,0.364777613822505,3.6676812782394,0.635222386177495,1
279,2,0.920353724592139,0.0799767258483202,3.0518577644418,2.83758037003655,1.39146609121982,2.89169357808085,0.929023638921807,2.73276754250325,0.0709763610781929,1
280,1,0.0309329427513619,0.0175406893555435,3.16169362857143,3.6422350311234,1.25701422702583,2.4674985684881,0.0489302613131172,3.64161987883917,0.951069738686882,1
280,2,0.992811654635133,0.0509364562714483,2.98939740819363,2.63950799353421,1.64247033594568,2.91701484089466,0.993088153850539,2.61598895397335,0.00691184614946055,1
281,1,0.0205182670777354,0.0135885250430438,3.04488718810504,3.51710736653694,1.33469913803746,2.31457829713855,0.0349544931276896,3.51656630826419,0.96504550687231,0
281,2,0.996383114531295,0.0571752560373507,2.65330032797244,2.26224107915363,1.82927544181503,2.6007009611299,0.996466345478796,2.22714077822424,0.00353365452120443,0
282,1,0.0132460596548659,0.0130870590696314,2.90201362958853,3.283917642948,0.856072808742271,1.84423684196545,0.0278102030891327,3.28373830943384,0.972189796910867,0
282,2,0.991146319665495,0.0345805152723648,2.99687037838846,2.63689830368336,1.27898505703714,2.93321176413108,0.99138654496507,2.61542827875404,0.00861345503493002,0
283,1,0.325480029375749,0.0632411534029624,3.85775415124772,4.2355597013581,1.4662295154298,3.46406336398932,0.370253037095544,4.21216764901753,0.629746962904456,1
283,2,0.957780649218743,0.125783965456226,3.36361888733537,2.67579152519948,1.56098621063981,3.10916145702377,0.961998862185503,2.62251749682406,0.0380011378144972,1
284,1,0.0923678358483829,0.101954498416085,2.51707088803014,3.18276630598699,1.64462725618634,2.0614385376022,0.188546721068687,3.17171260875994,0.811453278931313,1
284,2,0.983127006712137,0.0561836196615616,2.47792589471719,2.11065671710202,1.28131517576982,2.40080536283802,0.983976970548725,2.09089247263676,0.0160230294512746,1
285,1,0.0341072045709323,0.0264844619595881,2.77356199206501,3.01534609133086,1.22624989876051,2.09045657309673,0.0609225356327679,3.01398164626149,0.939077464367232,0
285,2,0.972952509710736,0.0567382633316671,2.39892558275626,2.19880022266108,1.24782377989268,2.32940052840739,0.974266688835925,2.18922917796422,0.0257333111640747,0
286,1,0.0216668589733407,0.0391927318835741,3.08823901259539,3.41725815882233,1.07315300129175,1.72957170575789,0.0617914330756726,3.41690641687734,0.938208566924327,1
286,2,0.99579623588788,0.0341194889740764,3.19818009979037,2.89037718807913,1.85028205323557,3.14640176309497,0.995883966295066,2.84297044534346,0.00411603370493469,1
287,1,0.0258313762507518,0.0279261011072414,2.85683220534093,3.41347147907345,1.21244998672756,2.028729185208,0.0541363261539316,3.41286605096714,0.945863673846068,0
287,2,0.990173610892837,0.186765447092449,2.80960017885019,2.67162088233331,1.69135268482695,2.56191208282112,0.991688830895676,2.57198379575592,0.00831116910432426,0
288,1,0.0676415989741019,0.0969041707319481,2.65852752074778,3.14279131166379,1.61209048041383,2.01579578575853,0.160171815832351,3.12814990970541,0.839828184167649,1
288,2,0.980773404875296,0.108538108825684,2.65375774339817,2.07885096772023,1.56060668484188,2.5209306812407,0.98226469270554,2.0427274118513,0.0177353072944606,1
