"sbj_id","test_num","blok","typ","error","correct","age","rt","gain","peak_velocity"
"A1",1,1,"p",0,60,1,384.566666666667,0.79505,303.266666666667
"A1",1,2,"a",4,36,1,435.2,0.7224,307.1
"A1",1,3,"a",1,39,1,409.525,0.79435,314.3
"A1",1,4,"a",3,37,1,393.975,0.763175,310.95
"A1",1,5,"p",0,60,1,383.783333333333,0.775016666666667,275.916666666667
"A7",1,1,"p",7,45,0,226.076923076923,0.598730769230769,434.153846153846
"A7",1,2,"a",14,20,0,272.264705882353,0.567352941176471,603.147058823529
"A7",1,3,"a",6,26,0,326.8125,0.6500625,589.96875
"A7",1,4,"a",4,32,0,285.333333333333,0.593583333333333,383.277777777778
"A7",1,5,"p",5,44,0,263.489795918367,0.695081632653061,676.816326530612
"A8",1,1,"p",1,57,1,263.706896551724,0.762206896551724,281.224137931034
"A8",1,2,"a",4,34,1,290.131578947368,0.744263157894737,269.605263157895
"A8",1,3,"a",3,37,1,287.7,0.728475,279.675
"A8",1,4,"a",5,35,1,287.125,0.7576,304.575
"A8",1,5,"p",2,57,1,260.915254237288,0.780118644067797,306.457627118644
"B1",1,1,"p",0,60,1,331.166666666667,0.923266666666667,241.633333333333
"B1",1,2,"a",2,38,1,348.075,0.804675,251.25
"B1",1,3,"a",4,36,1,353,0.786125,247.325
"B1",1,4,"a",0,40,1,336.875,0.832,248.075
"B1",1,5,"p",1,58,1,315.508474576271,0.804271186440678,263.881355932203
"B6",1,1,"p",5,55,1,289.3,0.791516666666667,343.766666666667
"B6",1,2,"a",3,35,1,284.657894736842,0.608552631578947,288.342105263158
"B6",1,3,"a",2,37,1,299.076923076923,0.774512820512821,353.717948717949
"B6",1,4,"a",1,35,1,277.611111111111,0.717638888888889,308.361111111111
"B6",1,5,"p",4,52,1,234.482142857143,0.693303571428571,272.5
"B7",1,1,"p",0,59,0,247.135593220339,0.929220338983051,327.779661016949
"B7",1,2,"a",1,39,0,302.725,0.9453,361.875
"B7",1,3,"a",3,36,0,273.410256410256,0.892076923076923,371.846153846154
"B7",1,4,"a",4,36,0,291.725,0.9046,336.275
"B7",1,5,"p",0,58,0,246.086206896552,0.800224137931035,349.51724137931
"B9",1,1,"p",1,59,0,293.066666666667,0.870466666666667,247.783333333333
"B9",1,2,"a",6,33,0,335.384615384615,0.81551282051282,222.128205128205
"B9",1,3,"a",3,37,0,344.85,0.845425,233.625
"B9",1,4,"a",2,36,0,351.5,0.749631578947368,197.921052631579
"B9",1,5,"p",3,54,0,218.947368421053,0.817789473684211,253.421052631579
"C8",1,1,"p",1,54,0,255.2,0.808727272727273,272.654545454545
"C8",1,2,"a",4,35,0,271.358974358974,0.792871794871795,275.230769230769
"C8",1,3,"a",3,35,0,287.815789473684,0.856631578947368,246.631578947368
"C8",1,4,"a",7,24,0,255.548387096774,0.738225806451613,196.290322580645
"C8",1,5,"p",3,51,0,243.296296296296,0.689537037037037,264.518518518519
"D0",1,1,"p",0,60,0,296.466666666667,0.901516666666667,287.433333333333
"D0",1,2,"a",1,39,0,324.65,0.885875,279.4
"D0",1,3,"a",0,40,0,327,0.908525,280.35
"D0",1,4,"a",1,39,0,358.475,0.859475,310.9
"D0",1,5,"p",0,60,0,302.65,0.874033333333333,277.583333333333
"D1",1,1,"p",1,59,0,268.833333333333,0.751616666666667,255.6
"D1",1,2,"a",0,40,0,306.8,0.84315,265.925
"D1",1,3,"a",2,38,0,295.725,0.737025,228.3
"D1",1,4,"a",1,39,0,310.6,0.750625,250.125
"D1",1,5,"p",0,58,0,255.396551724138,0.750620689655172,267.01724137931
"D3",1,1,"p",0,60,0,408.65,0.905983333333333,495.95
"D3",1,2,"a",1,38,0,340,0.911692307692308,388.48717948718
"D3",1,3,"a",1,36,0,369.567567567568,0.791513513513514,498.324324324324
"D3",1,4,"a",1,35,0,349.472222222222,0.801805555555556,431.194444444444
"D3",1,5,"p",1,58,0,330.237288135593,0.851576271186441,515.661016949153
"D4",1,1,"p",1,57,1,315.568965517241,0.877344827586207,282.931034482759
"D4",1,2,"a",3,37,1,384.55,0.869325,301.975
"D4",1,3,"a",3,37,1,359.125,0.831325,270.975
"D4",1,4,"a",6,32,1,342.131578947368,0.844315789473684,271.342105263158
"D4",1,5,"p",0,58,1,328.293103448276,0.843310344827586,269.189655172414
"D5",1,1,"p",0,58,0,278.396551724138,0.796827586206897,312.844827586207
"D5",1,2,"a",2,37,0,299.461538461538,0.769128205128205,314.051282051282
"D5",1,3,"a",3,35,0,298.710526315789,0.679973684210526,331
"D5",1,4,"a",1,35,0,332.055555555556,0.693444444444444,289.361111111111
"D5",1,5,"p",2,57,0,268.661016949153,0.727610169491525,309.169491525424
"D6",1,1,"p",1,58,0,279,0.861559322033898,339.593220338983
"D6",1,2,"a",1,37,0,334.078947368421,1.01836842105263,397.184210526316
"D6",1,3,"a",4,36,0,307.55,0.964425,381.4
"D6",1,4,"a",6,34,0,324.375,0.922175,323.25
"D6",1,5,"p",2,58,0,269.65,0.88675,331.45
"D8",1,1,"p",1,58,0,247.220338983051,0.823406779661017,323.677966101695
"D8",1,2,"a",3,37,0,273.675,0.96085,314.475
"D8",1,3,"a",2,38,0,248.925,0.826725,371.475
"D8",1,4,"a",1,39,0,280.225,0.84795,399.675
"D8",1,5,"p",1,57,0,241.879310344828,0.839448275862069,352.189655172414
"D9",1,1,"p",3,54,1,298.105263157895,0.760894736842105,414.929824561404
"D9",1,2,"a",7,31,1,371.026315789474,0.613394736842105,313.763157894737
"D9",1,3,"a",3,34,1,404.216216216216,0.772567567567568,459.135135135135
"D9",1,4,"a",3,31,1,417.941176470588,0.671117647058823,385.470588235294
"D9",1,5,"p",2,56,1,329.465517241379,0.696896551724138,333.931034482759
"E0",1,1,"p",1,56,1,224.052631578947,0.739070175438597,335.070175438596
"E0",1,2,"a",7,33,1,292.75,0.7672,376.475
"E0",1,3,"a",9,30,1,266.205128205128,0.821128205128205,354.769230769231
"E0",1,4,"a",7,32,1,279.717948717949,0.721641025641026,338.615384615385
"E0",1,5,"p",2,54,1,233.767857142857,0.694232142857143,293.071428571429
"E1",1,1,"p",0,59,0,248.237288135593,0.632779661016949,224.830508474576
"E1",1,2,"a",3,37,0,304.725,0.570575,235.775
"E1",1,3,"a",7,33,0,292.725,0.6331,233.7
"E1",1,4,"a",5,34,0,283.871794871795,0.642384615384615,241.205128205128
"E1",1,5,"p",3,56,0,241.779661016949,0.730610169491525,256.864406779661
"E2",1,1,"p",1,59,1,301.85,0.852516666666667,245.95
"E2",1,2,"a",4,36,1,375.425,0.75,227.775
"E2",1,3,"a",7,32,1,400.923076923077,0.680179487179487,204.794871794872
"E2",1,4,"a",3,36,1,380.025641025641,0.745461538461539,218.666666666667
"E2",1,5,"p",2,56,1,307.431034482759,0.823206896551724,235.568965517241
"E3",1,1,"p",5,52,1,365.929824561404,0.716771929824561,325.157894736842
"E3",1,2,"a",8,30,1,420.657894736842,0.735026315789474,346.236842105263
"E3",1,3,"a",10,30,1,401.95,0.72865,344.55
"E3",1,4,"a",4,33,1,354.108108108108,0.643513513513513,305.027027027027
"E3",1,5,"p",2,57,1,346.169491525424,0.760745762711864,365.983050847458
"E4",1,1,"p",5,52,1,291.614035087719,0.770315789473684,276.912280701754
"E4",1,2,"a",10,30,1,354.375,0.63535,234.1
"E4",1,3,"a",11,26,1,397.378378378378,0.755513513513513,260.297297297297
"E4",1,4,"a",14,25,1,332,0.581871794871795,235.564102564103
"E4",1,5,"p",3,54,1,314.368421052632,0.726578947368421,254.561403508772
"E5",1,1,"p",5,46,1,396.470588235294,0.761843137254902,300.823529411765
"E5",1,2,"a",13,20,1,388.787878787879,0.631484848484848,266
"E5",1,3,"a",9,26,1,383.228571428571,0.58,251.057142857143
"E5",1,4,"a",17,18,1,326.514285714286,0.703085714285714,278.142857142857
"E5",1,5,"p",7,46,1,318.207547169811,0.664962264150943,275.547169811321
"E6",1,1,"p",0,59,0,261.135593220339,0.839474576271186,456.35593220339
"E6",1,2,"a",1,39,0,323.2,0.870675,482.15
"E6",1,3,"a",2,38,0,311.85,0.809925,353.55
"E6",1,4,"a",4,35,0,307.307692307692,0.791128205128205,411.179487179487
"E6",1,5,"p",0,59,0,264.203389830508,0.817152542372881,300.949152542373
"E8",1,1,"p",1,57,0,374.844827586207,0.822655172413793,266.913793103448
"E8",1,2,"a",1,39,0,409.6,0.844075,236.1
"E8",1,3,"a",1,39,0,465.575,0.8361,229.975
"E8",1,4,"a",0,39,0,407.692307692308,0.82151282051282,241.820512820513
"E8",1,5,"p",0,57,0,274.859649122807,0.794122807017544,255.526315789474
"F0",1,1,"p",3,47,1,259.78,0.7633,327.68
"F0",1,2,"a",5,34,1,266.102564102564,0.736435897435897,404.769230769231
"F0",1,3,"a",8,31,1,283.153846153846,0.702974358974359,343.205128205128
"F0",1,4,"a",6,29,1,268.485714285714,0.680171428571429,341.085714285714
"F0",1,5,"p",0,53,1,254.490566037736,0.692679245283019,331.075471698113
"F1",1,1,"p",1,55,0,272.285714285714,0.76425,320.25
"F1",1,2,"a",0,40,0,347.825,0.741525,372.7
"F1",1,3,"a",3,37,0,305.55,0.77085,351.675
"F1",1,4,"a",1,37,0,320.473684210526,0.754368421052632,320
"F1",1,5,"p",0,60,0,265.033333333333,0.77335,275.516666666667
"F8",1,1,"p",3,53,1,284.107142857143,0.909232142857143,391.267857142857
"F8",1,2,"a",11,24,1,315.514285714286,0.846285714285714,364.114285714286
"F8",1,3,"a",7,32,1,340.179487179487,0.904,399.051282051282
"F8",1,4,"a",10,26,1,296,0.917888888888889,416.944444444444
"G1",1,1,"p",1,57,0,283.396551724138,0.885586206896552,295.706896551724
"G1",1,2,"a",1,39,0,315.5,0.8828,258.7
"G1",1,3,"a",4,36,0,299.525,0.846575,291.425
"G1",1,4,"a",4,35,0,309.589743589744,0.846641025641026,227.666666666667
"G1",1,5,"p",1,57,0,279.965517241379,0.934241379310345,350
"G2",1,1,"p",1,58,1,329.610169491525,0.850898305084746,256.491525423729
"G2",1,2,"a",3,34,1,378.567567567568,0.850351351351351,230.783783783784
"G2",1,3,"a",2,38,1,377.95,0.884925,248.525
"G2",1,4,"a",1,38,1,403.564102564103,0.809307692307692,231.564102564103
"G2",1,5,"p",0,60,1,339.116666666667,0.848033333333333,253.7
"G6",1,1,"p",0,55,1,347.727272727273,0.792472727272727,324.381818181818
"G6",1,2,"a",0,37,1,427.891891891892,0.78972972972973,326.72972972973
"G6",1,3,"a",7,30,1,389.189189189189,0.671810810810811,254.540540540541
"G6",1,4,"a",3,36,1,395.230769230769,0.624846153846154,248.051282051282
"G6",1,5,"p",1,55,1,328.660714285714,0.6505,264.785714285714
"G8",1,1,"p",0,60,0,317.35,0.74695,326.616666666667
"G8",1,2,"a",2,36,0,313.052631578947,0.75771052631579,249.842105263158
"G8",1,3,"a",1,39,0,295.1,0.784325,253.425
"G8",1,4,"a",5,35,0,291.4,0.718725,241.4
"G8",1,5,"p",1,58,0,269.627118644068,0.780949152542373,249.322033898305
"H1",1,1,"p",3,55,0,270.241379310345,0.805551724137931,312.551724137931
"H1",1,2,"a",12,26,0,269.131578947368,0.759526315789474,298.263157894737
"H1",1,3,"a",9,30,0,306.538461538462,0.868717948717949,329.461538461538
"H1",1,4,"a",5,35,0,328.575,0.898725,303.275
"H1",1,5,"p",1,55,0,265.053571428571,0.833732142857143,294.482142857143
"H3",1,1,"p",1,59,1,305.383333333333,0.9107,1023.21666666667
"H3",1,2,"a",4,36,1,438.075,0.836575,912.65
"H3",1,3,"a",5,32,1,357.27027027027,0.802459459459459,349.054054054054
"H3",1,4,"a",1,37,1,423.763157894737,0.806868421052632,635.657894736842
"H3",1,5,"p",0,60,1,327.533333333333,0.972333333333333,729.616666666667
"H5",1,1,"p",5,52,1,267.666666666667,0.668578947368421,241.982456140351
"H5",1,2,"a",6,32,1,248.210526315789,0.568921052631579,216.368421052632
"H5",1,3,"a",3,33,1,249.111111111111,0.518027777777778,196.916666666667
"H5",1,4,"a",5,30,1,267.857142857143,0.576542857142857,222.857142857143
"H5",1,5,"p",3,51,1,246.37037037037,0.65062962962963,226.833333333333
"H7",1,1,"p",1,57,0,249.551724137931,0.824310344827586,346.775862068966
"H7",1,2,"a",1,39,0,387.1,0.7286,416.525
"H7",1,3,"a",2,38,0,355.625,0.783725,481.075
"H7",1,4,"a",3,37,0,341.05,0.787175,330.025
"H7",1,5,"p",1,56,0,249.228070175439,0.836,386.368421052632
"H8",1,1,"p",0,58,0,296.775862068966,0.792241379310345,323.103448275862
"H8",1,2,"a",6,34,0,348.35,0.695775,347.7
"H8",1,3,"a",2,38,0,354.65,0.742825,353.35
"H8",1,4,"a",8,27,0,332.857142857143,0.725171428571429,373.257142857143
"H8",1,5,"p",5,49,0,252.092592592593,0.748333333333333,382.722222222222
"H9",1,1,"p",0,59,0,304.542372881356,0.774728813559322,341.440677966102
"H9",1,2,"a",5,34,0,330.076923076923,0.654487179487179,292.717948717949
"H9",1,3,"a",4,35,0,345.435897435897,0.647923076923077,305.435897435897
"H9",1,4,"a",4,31,0,357.742857142857,0.685257142857143,281.542857142857
"H9",1,5,"p",1,58,0,318.237288135593,0.728440677966102,342.423728813559
"I1",1,1,"p",0,55,0,295.2,0.878945454545455,296.472727272727
"I1",1,2,"a",2,35,0,291.675675675676,0.852567567567568,281.351351351351
"I1",1,3,"a",0,40,0,300.325,0.828575,318.95
"I1",1,4,"a",0,38,0,353.526315789474,0.773342105263158,416.947368421053
"I1",1,5,"p",0,58,0,304.206896551724,0.809448275862069,274.896551724138
"I3",1,1,"p",4,56,1,310.6,0.9027,410.25
"I3",1,2,"a",0,40,1,353.65,0.9506,346.725
"I3",1,3,"a",3,37,1,339.075,0.942575,358.45
"I3",1,4,"a",0,40,1,336.375,0.943675,341.125
"I3",1,5,"p",1,59,1,277.3,0.894016666666667,370.183333333333
"I4",1,1,"p",1,59,1,370.183333333333,0.8023,245.383333333333
"I4",1,2,"a",0,39,1,398.717948717949,0.781102564102564,240.333333333333
"I4",1,3,"a",2,35,1,366.837837837838,0.740621621621622,251.486486486486
"I4",1,4,"a",1,38,1,350.051282051282,0.865641025641026,266.230769230769
"I4",1,5,"p",0,57,1,379.543859649123,0.820105263157895,241.649122807018
"I5",1,1,"p",0,59,0,240.101694915254,0.898220338983051,423.762711864407
"I5",1,2,"a",5,35,0,262.35,0.807575,343.075
"I5",1,3,"a",5,35,0,295.9,0.739125,609.35
"I5",1,4,"a",7,31,0,250.578947368421,0.745052631578947,706.894736842105
"I5",1,5,"p",1,57,0,236.586206896552,0.775310344827586,410.327586206897
"I6",1,1,"p",0,59,1,288.118644067797,0.804338983050848,302.118644067797
"I6",1,2,"a",3,36,1,313.820512820513,0.790897435897436,316.948717948718
"I6",1,3,"a",1,39,1,317.7,0.750375,286.775
"I6",1,4,"a",1,39,1,356.875,0.716125,265.45
"I6",1,5,"p",0,60,1,285.183333333333,0.803066666666667,282.033333333333
"I7",1,1,"p",0,60,0,292.716666666667,0.745366666666667,287.783333333333
"I7",1,2,"a",3,37,0,337.625,0.74165,322.175
"I7",1,3,"a",8,32,0,278.775,0.608875,278.475
"I7",1,4,"a",6,32,0,278.973684210526,0.696842105263158,331.763157894737
"I9",1,1,"p",5,53,1,267.310344827586,0.696655172413793,328.431034482759
"I9",1,2,"a",8,29,1,268.540540540541,0.698054054054054,327.378378378378
"I9",1,3,"a",8,28,1,220.222222222222,0.672472222222222,311.861111111111
"I9",1,4,"a",11,26,1,271.324324324324,0.643432432432432,289.891891891892
"I9",1,5,"p",5,51,1,232.821428571429,0.789642857142857,324.339285714286
"J4",1,1,"p",0,59,0,268.627118644068,0.711677966101695,275.169491525424
"J4",1,2,"a",6,33,0,267.48717948718,0.811435897435897,294.846153846154
"J4",1,3,"a",6,34,0,272.975,0.76165,290.775
"J4",1,4,"a",3,37,0,271.3,0.7684,290.2
"J4",1,5,"p",0,59,0,241.101694915254,0.795322033898305,295.491525423729
"J5",1,1,"p",0,57,0,291.017543859649,0.84821052631579,323.526315789474
"J5",1,2,"a",3,36,0,354.538461538462,0.934128205128205,360.25641025641
"J5",1,3,"a",6,34,0,332.8,0.8445,318.75
"J5",1,4,"a",5,35,0,355.55,0.857575,328.875
"J5",1,5,"p",0,58,0,271.862068965517,0.822827586206897,325.155172413793
"J6",1,1,"p",0,59,1,261.101694915254,0.757440677966102,337.016949152542
"J6",1,2,"a",6,34,1,337.625,0.636525,290.1
"J6",1,3,"a",3,36,1,352.153846153846,0.616923076923077,302.897435897436
"J6",1,4,"a",3,37,1,334.825,0.622175,277.25
"J6",1,5,"p",2,52,1,252.12962962963,0.739055555555556,305.703703703704
"J8",1,1,"p",2,58,0,270.55,0.860333333333333,349.233333333333
"J8",1,2,"a",5,33,0,329.552631578947,0.836763157894737,298.736842105263
"J8",1,3,"a",5,34,0,292.74358974359,0.920384615384615,360.282051282051
"J8",1,4,"a",4,35,0,304.666666666667,0.843512820512821,331.666666666667
"J8",1,5,"p",1,55,0,243.589285714286,0.855178571428571,371.410714285714
"J9",1,1,"p",4,50,1,270.166666666667,0.781833333333333,292.740740740741
"J9",1,2,"a",4,35,1,338.820512820513,0.899461538461538,311.564102564103
"J9",1,3,"a",12,26,1,273.289473684211,0.736131578947368,274.236842105263
"J9",1,4,"a",11,27,1,266.026315789474,0.767894736842105,267.447368421053
"J9",1,5,"p",2,53,1,225.290909090909,0.805090909090909,301.6
"K1",1,1,"p",7,48,1,288.8,0.727927272727273,337.745454545455
"K1",1,2,"a",13,26,1,332.666666666667,0.702333333333333,261.48717948718
"K1",1,3,"a",8,26,1,418.970588235294,0.658441176470588,288.147058823529
"K1",1,4,"a",13,18,1,308.483870967742,0.642258064516129,267.290322580645
"K1",1,5,"p",5,43,1,274.541666666667,0.842083333333333,310.208333333333
"K2",1,1,"p",3,54,1,293.035087719298,0.621052631578947,190.368421052632
"K2",1,2,"a",3,28,1,521.451612903226,0.724677419354839,204.516129032258
"K2",1,3,"a",7,31,1,420.078947368421,0.558789473684211,170.684210526316
"K2",1,4,"a",6,29,1,451.857142857143,0.565828571428571,159.6
"K2",1,5,"p",3,55,1,356.655172413793,0.651068965517241,187.01724137931
"K3",1,1,"p",4,52,1,230.25,0.844464285714286,287.232142857143
"K3",1,2,"a",3,33,1,280.833333333333,0.756111111111111,254.416666666667
"K3",1,3,"a",3,35,1,279.236842105263,0.961263157894737,358.763157894737
"K3",1,4,"a",3,34,1,246.972972972973,0.861216216216216,311.27027027027
"K3",1,5,"p",1,51,1,222.019230769231,0.836634615384615,266.442307692308
"K4",1,1,"p",1,57,0,298.793103448276,0.733948275862069,363.086206896552
"K4",1,2,"a",2,37,0,345.128205128205,0.731,278.410256410256
"K4",1,3,"a",2,38,0,327.525,0.6907,314.05
"K4",1,4,"a",4,35,0,314.333333333333,0.661717948717949,282.538461538462
"K4",1,5,"p",0,58,0,273.672413793103,0.763775862068966,292.413793103448
"K5",1,1,"p",2,56,1,351.189655172414,0.770775862068966,332.810344827586
"K5",1,2,"a",3,35,1,321,0.749526315789474,342.342105263158
"K5",1,3,"a",2,37,1,380.615384615385,0.801948717948718,298.641025641026
"K5",1,4,"a",0,40,1,391.1,0.777025,304.55
"K5",1,5,"p",4,55,1,343.71186440678,0.792033898305085,355.796610169492
"K6",1,1,"p",0,59,0,248.152542372881,0.901559322033898,288.542372881356
"K6",1,2,"a",6,34,0,290.025,0.81145,239.6
"K6",1,3,"a",3,37,0,265.35,0.805525,231.3
"K6",1,4,"a",0,40,0,269.4,0.8096,246.325
"K6",1,5,"p",1,57,0,232.362068965517,0.891396551724138,304.98275862069
"L0",1,1,"p",6,52,1,329.155172413793,0.783362068965517,323.51724137931
"L0",1,2,"a",6,31,1,375.27027027027,0.636081081081081,256
"L0",1,3,"a",8,25,1,348.272727272727,0.822090909090909,313.333333333333
"L0",1,4,"a",2,38,1,413.975,0.942325,389.475
"L0",1,5,"p",2,53,1,358.563636363636,0.897618181818182,408.563636363636
"L1",1,1,"p",0,59,1,388.440677966102,0.840220338983051,320.254237288136
"L1",1,2,"a",3,35,1,402.578947368421,0.722736842105263,327.105263157895
"L1",1,3,"a",4,36,1,401.775,0.791625,339.35
"L1",1,4,"a",2,36,1,406.131578947368,0.754289473684211,301.263157894737
"L1",1,5,"p",4,51,1,359.654545454545,0.738672727272727,321.127272727273
"L4",1,1,"p",0,59,0,297.016949152542,0.773033898305085,314.169491525424
"L4",1,2,"a",3,36,0,328.179487179487,0.80725641025641,325.589743589744
"L4",1,3,"a",3,37,0,329.675,0.600975,251.825
"L4",1,4,"a",3,35,0,344.842105263158,0.700868421052632,283.815789473684
"L4",1,5,"p",1,57,0,305.758620689655,0.722241379310345,286.379310344828
"L6",1,1,"p",2,56,1,294.068965517241,0.760655172413793,356.620689655172
"L6",1,2,"a",2,38,1,339.925,0.782625,360.4
"L6",1,3,"a",5,34,1,313.564102564103,0.695153846153846,328.51282051282
"L6",1,4,"a",2,35,1,324.567567567568,0.708297297297297,332.351351351351
"L6",1,5,"p",5,53,1,286.275862068966,0.720327586206897,323.568965517241
"M1",1,1,"p",0,60,0,210.233333333333,0.729983333333333,247.183333333333
"M1",1,2,"a",12,28,0,352.15,0.64715,233.125
"M1",1,3,"a",11,26,0,383.891891891892,0.689945945945946,236.945945945946
"M1",1,4,"a",14,26,0,249.05,0.5981,248.75
"M1",1,5,"p",0,59,0,211.474576271186,0.801881355932203,276.864406779661
"M3",1,1,"p",0,58,1,343.086206896552,0.838448275862069,254.01724137931
"M3",1,2,"a",0,39,1,417.102564102564,0.639512820512821,209.128205128205
"M3",1,3,"a",0,40,1,364.575,0.748,234.875
"M3",1,4,"a",0,40,1,376.95,0.738825,278
"M3",1,5,"p",0,60,1,341.616666666667,0.826583333333333,246.116666666667
"M4",1,1,"p",2,56,1,318.344827586207,0.749189655172414,444.637931034483
"M4",1,2,"a",8,17,1,429.44,0.91708,608.72
"M4",1,3,"a",4,29,1,392.757575757576,0.896181818181818,632.060606060606
"M4",1,4,"a",10,20,1,354.533333333333,0.6311,621.8
"M4",1,5,"p",1,54,1,339.872727272727,0.839890909090909,696.890909090909
"M7",1,1,"p",1,59,1,316.5,0.8592,381.616666666667
"M7",1,2,"a",1,39,1,336.55,0.7563,358.75
"M7",1,3,"a",1,39,1,328.425,0.811625,371.45
"M7",1,4,"a",0,40,1,317.825,0.783675,357.375
"M7",1,5,"p",1,59,1,303.483333333333,0.862933333333333,381.416666666667
"M8",1,1,"p",0,59,0,280.932203389831,0.832152542372881,330.830508474576
"M8",1,2,"a",3,37,0,287,0.775025,389.85
"M8",1,3,"a",2,37,0,272.333333333333,0.837948717948718,327.076923076923
"M8",1,4,"a",4,36,0,258.7,0.75255,450.5
"M8",1,5,"p",0,60,0,218.083333333333,0.862583333333333,387.15
"N0",1,1,"p",3,53,1,347.357142857143,0.77125,242.232142857143
"N0",1,2,"a",17,20,1,501.783783783784,0.668324324324324,209.108108108108
"N0",1,4,"a",9,28,1,416.513513513513,0.659891891891892,265.702702702703
"N0",1,5,"p",5,44,1,362.530612244898,0.730857142857143,244.673469387755
"N1",1,1,"p",2,58,0,289.2,0.78585,448.1
"N1",1,2,"a",10,27,0,335.918918918919,0.678405405405405,469.243243243243
"N1",1,3,"a",6,32,0,353.157894736842,0.797447368421053,449.684210526316
"N1",1,4,"a",11,28,0,301.102564102564,0.832179487179487,422.769230769231
"N1",1,5,"p",6,53,0,265.491525423729,0.783542372881356,362.559322033898
"N2",1,1,"p",1,58,1,362.525423728814,0.737915254237288,220.271186440678
"N2",1,2,"a",5,34,1,481.128205128205,0.853897435897436,240.538461538462
"N2",1,3,"a",7,32,1,447.641025641026,0.748666666666667,225
"N2",1,4,"a",7,29,1,411.527777777778,0.737555555555556,202.444444444444
"N2",1,5,"p",4,50,1,378.314814814815,0.762722222222222,247.62962962963
"N3",1,1,"p",0,60,0,271.1,0.784266666666667,239.116666666667
"N3",1,2,"a",2,38,0,332.25,0.7535,262.175
"N3",1,3,"a",3,37,0,297.025,0.8315,328.575
"N3",1,4,"a",8,28,0,255.972222222222,0.635861111111111,212.222222222222
"N3",1,5,"p",0,60,0,231.6,0.839033333333333,252.866666666667
"N7",1,1,"p",1,59,0,253.466666666667,0.877866666666667,460.833333333333
"N7",1,2,"a",6,33,0,303.051282051282,0.916974358974359,388.846153846154
"N7",1,3,"a",6,34,0,258.275,0.81125,374.275
"N7",1,4,"a",7,33,0,273.3,0.836575,334.8
"N7",1,5,"p",0,60,0,265.933333333333,0.888833333333333,382.2
"N8",1,1,"p",1,58,1,332.237288135593,0.958898305084746,311.661016949153
"N8",1,2,"a",5,34,1,355.333333333333,0.891794871794872,284.538461538462
"N8",1,3,"a",6,30,1,350.666666666667,0.848222222222222,275.166666666667
"N8",1,4,"a",4,36,1,346.525,0.76925,271.825
"N8",1,5,"p",1,57,1,345.01724137931,0.842862068965517,322
"N9",1,1,"p",0,60,1,289.25,0.845116666666667,339.3
"N9",1,2,"a",0,40,1,342.375,0.825675,284.15
"N9",1,3,"a",3,37,1,318.225,0.861975,312.675
"N9",1,4,"a",1,39,1,334.85,0.83665,298.775
"N9",1,5,"p",1,59,1,252.783333333333,0.854166666666667,316.983333333333
"P0",1,1,"p",1,59,0,274.366666666667,0.889316666666667,394.883333333333
"P0",1,2,"a",2,38,0,346.75,0.84205,360.8
"P0",1,3,"a",2,37,0,311.051282051282,0.803179487179487,340.128205128205
"P0",1,4,"a",2,38,0,341.625,0.782725,336.35
"P0",1,5,"p",0,59,0,308.847457627119,0.868694915254237,373
"P1",1,1,"p",0,51,1,268.392156862745,0.869235294117647,335.823529411765
"P1",1,2,"a",1,38,1,341.179487179487,0.939410256410256,446.641025641026
"P1",1,3,"a",7,33,1,338.875,0.9558,357
"P1",1,4,"a",7,31,1,314.131578947368,0.842736842105263,312.210526315789
"P1",1,5,"p",0,56,1,257.910714285714,0.884785714285714,351.375
"P2",1,1,"p",1,51,1,200.423076923077,0.810846153846154,283.788461538462
"P2",1,2,"a",13,23,1,327.944444444444,0.692222222222222,205.805555555556
"P2",1,3,"a",11,27,1,343.684210526316,0.672684210526316,217.894736842105
"P2",1,4,"a",15,19,1,323.882352941176,0.704029411764706,217.852941176471
"P2",1,5,"p",6,48,1,260.574074074074,0.744518518518518,273.462962962963
"P3",1,1,"p",2,57,1,298.423728813559,0.769118644067797,419.627118644068
"P3",1,2,"a",4,36,1,343.95,0.7199,244.425
"P3",1,3,"a",5,34,1,361.358974358974,0.623025641025641,202.384615384615
"P3",1,4,"a",1,39,1,427.975,0.62045,213.525
"P3",1,5,"p",1,58,1,304.847457627119,0.785271186440678,337.796610169492
"P9",1,2,"a",5,32,0,317.243243243243,0.712756756756757,405.054054054054
"P9",1,3,"a",4,36,0,308.025,0.7305,443.175
"P9",1,4,"a",4,35,0,302.538461538462,0.628512820512821,463.538461538462
"P9",1,5,"p",0,58,0,248.137931034483,0.805206896551724,385.48275862069
"Q2",1,1,"p",5,51,1,280.910714285714,0.614875,256.982142857143
"Q2",1,2,"a",8,31,1,396.666666666667,0.475410256410256,245.025641025641
"Q2",1,3,"a",10,28,1,389.894736842105,0.545815789473684,264.736842105263
"Q2",1,4,"a",13,27,1,399.525,0.443025,233.6
"Q2",1,5,"p",4,53,1,266.19298245614,0.584385964912281,261.736842105263
"Q3",1,1,"p",1,55,0,316.410714285714,0.924821428571429,360.267857142857
"Q3",1,2,"a",3,36,0,303.564102564103,0.935538461538462,368.974358974359
"Q3",1,3,"a",5,34,0,324.307692307692,0.878717948717949,344.717948717949
"Q3",1,4,"a",3,33,0,304.25,0.811361111111111,329.25
"Q3",1,5,"p",5,51,0,273.303571428571,0.790696428571429,352.982142857143
"Q4",1,1,"p",2,54,1,305.625,0.809142857142857,243.125
"Q4",1,2,"a",2,37,1,388.307692307692,0.879102564102564,219.410256410256
"Q4",1,3,"a",4,32,1,395.638888888889,0.718333333333333,188.083333333333
"Q4",1,4,"a",5,32,1,367.405405405405,0.730405405405405,191.054054054054
"Q4",1,5,"p",4,45,1,315.979591836735,0.741877551020408,293.469387755102
"Q5",1,1,"p",2,57,0,322.152542372881,0.836559322033898,395.491525423729
"Q5",1,2,"a",0,40,0,368.7,0.826575,351.175
"Q5",1,3,"a",3,36,0,330.48717948718,0.777025641025641,301.025641025641
"Q5",1,4,"a",1,38,0,322.102564102564,0.790871794871795,402.48717948718
"Q5",1,5,"p",5,51,0,268.607142857143,0.769607142857143,325.625
"Q6",1,1,"p",0,58,0,247.413793103448,0.728913793103448,353.068965517241
"Q6",1,2,"a",4,36,0,247.65,0.671225,322.65
"Q6",1,3,"a",8,32,0,263.575,0.707375,372.1
"Q6",1,4,"a",3,36,0,297.51282051282,0.731794871794872,340.974358974359
"Q6",1,5,"p",1,58,0,220.084745762712,0.717016949152542,359.305084745763
"Q9",1,1,"p",0,60,0,266.033333333333,0.86735,336.7
"Q9",1,2,"a",1,39,0,317.275,0.8739,321.225
"Q9",1,3,"a",2,38,0,305.175,0.892825,308.1
"Q9",1,4,"a",0,40,0,270.675,0.855975,309
"Q9",1,5,"p",0,59,0,227.864406779661,0.848203389830508,330.28813559322
"R0",1,1,"p",1,59,0,268.9,0.9008,335.9
"R0",1,2,"a",2,38,0,277.275,0.866525,334.225
"R0",1,3,"a",1,39,0,299.425,0.910025,347.925
"R0",1,4,"a",0,40,0,287.125,0.91995,344.075
"R0",1,5,"p",3,57,0,314.55,0.878933333333333,347.7
"R1",1,1,"p",0,57,0,319.052631578947,0.86719298245614,284.035087719298
"R1",1,2,"a",5,32,0,359.459459459459,0.842027027027027,381.216216216216
"R1",1,3,"a",6,33,0,365.410256410256,0.830461538461538,322.974358974359
"R1",1,4,"a",5,34,0,384.333333333333,0.834051282051282,273.230769230769
"R1",1,5,"p",1,58,0,278.033898305085,0.836762711864407,318.440677966102
"R2",1,1,"p",2,53,1,298.218181818182,0.892690909090909,366.872727272727
"R2",1,2,"a",12,27,1,288.051282051282,0.833153846153846,329
"R2",1,3,"a",11,25,1,316.138888888889,0.84825,292.138888888889
"R2",1,4,"a",17,20,1,295.189189189189,0.777756756756757,265.756756756757
"R2",1,5,"p",7,46,1,260,0.737339622641509,279.358490566038
"R3",1,1,"p",0,58,1,327.98275862069,0.788413793103448,282.827586206897
"R3",1,2,"a",4,35,1,344.076923076923,0.792,271.948717948718
"R3",1,3,"a",7,30,1,350.432432432432,0.719378378378378,240.513513513514
"R3",1,4,"a",10,29,1,313.589743589744,0.639282051282051,229.974358974359
"R3",1,5,"p",4,54,1,362.879310344828,0.780568965517241,256.413793103448
"R4",1,1,"p",0,60,0,281.133333333333,0.882533333333333,363.2
"R4",1,2,"a",6,34,0,344.4,0.570025,268.225
"R4",1,3,"a",3,36,0,363.615384615385,0.652051282051282,298.384615384615
"R4",1,4,"a",3,35,0,347.815789473684,0.72528947368421,315.421052631579
"R4",1,5,"p",0,60,0,272.966666666667,0.806666666666667,338.9
"R8",1,1,"p",0,59,1,300.254237288136,0.786322033898305,285.949152542373
"R8",1,2,"a",0,40,1,306.55,0.6303,251.175
"R8",1,3,"a",0,39,1,305.205128205128,0.651589743589744,259.871794871795
"R8",1,4,"a",0,40,1,298.85,0.7019,271.225
"R8",1,5,"p",1,59,1,287.2,0.80595,304.2
"R9",1,1,"p",0,59,0,288.881355932203,0.92435593220339,494.508474576271
"R9",1,2,"a",1,38,0,293.410256410256,0.882153846153846,568.846153846154
"R9",1,3,"a",2,38,0,322.125,0.92795,488.425
"R9",1,4,"a",2,38,0,342.875,0.8892,404.425
"R9",1,5,"p",1,59,0,267.8,0.871216666666667,333.916666666667
"S1",1,1,"p",0,58,0,270.862068965517,0.930051724137931,334.568965517241
"S1",1,2,"a",0,40,0,364.225,0.8921,313.3
"S1",1,3,"a",0,40,0,335.625,0.864525,303.825
"S1",1,4,"a",0,39,0,351.589743589744,0.841461538461538,305.282051282051
"S1",1,5,"p",0,57,0,251.035087719298,0.912543859649123,335.280701754386
"S2",1,1,"p",0,58,0,319.586206896552,0.888327586206897,356.862068965517
"S2",1,2,"a",5,34,0,340.74358974359,0.765102564102564,283.307692307692
"S2",1,3,"a",2,35,0,340.108108108108,0.645756756756757,254.594594594595
"S2",1,4,"a",1,32,0,310.575757575758,0.937060606060606,358.212121212121
"S2",1,5,"p",7,48,0,293.345454545455,0.651872727272727,317.036363636364
"S4",1,1,"p",0,58,0,290.206896551724,0.953275862068966,317.758620689655
"S4",1,2,"a",1,39,0,382.375,1.08095,303.5
"S4",1,3,"a",2,35,0,446.675675675676,0.881216216216216,262.324324324324
"S4",1,4,"a",3,35,0,437.921052631579,0.913447368421053,257.578947368421
"S4",1,5,"p",0,58,0,384.344827586207,0.925379310344828,279.120689655172
"S5",1,1,"p",0,60,0,327.15,0.79525,411.95
"S5",1,2,"a",1,36,0,331.27027027027,0.781054054054054,412.756756756757
"S5",1,3,"a",1,38,0,314.179487179487,0.819692307692308,372.641025641026
"S5",1,4,"a",2,38,0,331.675,0.888925,386.775
"S5",1,5,"p",2,56,0,298.189655172414,0.769655172413793,401.258620689655
"S6",1,1,"p",1,58,0,249.508474576271,0.778745762711864,312.050847457627
"S6",1,2,"a",0,39,0,278.666666666667,0.681846153846154,289.769230769231
"S6",1,3,"a",2,38,0,259.7,0.73325,301.6
"S6",1,4,"a",6,33,0,252.948717948718,0.72074358974359,305.615384615385
"S6",1,5,"p",2,56,0,213.706896551724,0.727672413793103,347.48275862069
"S7",1,1,"p",1,59,0,314.95,0.6837,258.45
"S7",1,2,"a",5,35,0,341.575,0.69935,248.25
"S7",1,3,"a",4,36,0,343.25,0.7278,241.5
"S7",1,4,"a",3,33,0,375.222222222222,0.738638888888889,297.361111111111
"S7",1,5,"p",3,55,0,291.362068965517,0.689775862068965,284.775862068966
"S9",1,1,"p",3,55,1,311.5,0.806310344827586,264.344827586207
"S9",1,2,"a",8,27,1,398.285714285714,0.645742857142857,221.571428571429
"S9",1,3,"a",8,26,1,364.764705882353,0.665441176470588,219.941176470588
"S9",1,4,"a",9,26,1,297.342857142857,0.500571428571429,184.228571428571
"S9",1,5,"p",6,47,1,249.716981132075,0.674490566037736,284.22641509434
"T0",1,1,"p",1,55,0,280.178571428571,0.977875,365.910714285714
"T0",1,2,"a",4,36,0,308.875,1.0256,390.4
"T0",1,3,"a",1,35,0,284.305555555556,1.09880555555556,377.5
"T0",1,4,"a",5,34,0,319.51282051282,0.898410256410256,318.307692307692
"T0",1,5,"p",2,56,0,279.948275862069,0.968103448275862,350.896551724138
"T5",1,1,"p",0,59,0,314.542372881356,0.795186440677966,383.745762711864
"T5",1,2,"a",7,26,0,431.606060606061,0.853424242424242,343.212121212121
"T5",1,3,"a",6,32,0,437.684210526316,0.803315789473684,329.973684210526
"T5",1,4,"a",8,28,0,385.333333333333,0.725833333333333,308.777777777778
"T5",1,5,"p",3,52,0,292.345454545455,0.751472727272727,372.963636363636
"T6",1,1,"p",9,46,1,222.781818181818,0.650327272727273,233.781818181818
"T6",1,2,"a",12,23,1,284.4,0.702342857142857,244.6
"T6",1,3,"a",12,27,1,302.589743589744,0.626230769230769,222.435897435897
"T6",1,4,"a",8,25,1,276.848484848485,0.670363636363636,234.30303030303
"T6",1,5,"p",9,45,1,220.962962962963,0.630037037037037,232.314814814815
"T8",1,1,"p",0,60,0,285.6,0.85625,402.55
"T8",1,2,"a",0,40,0,329.625,0.82075,409.625
"T8",1,3,"a",0,40,0,377.875,0.83855,421.325
"T8",1,4,"a",0,39,0,335.794871794872,0.863564102564103,405.205128205128
"T8",1,5,"p",0,60,0,288.583333333333,0.84535,404.5
"U1",1,1,"p",3,55,1,257.810344827586,0.682120689655172,222.51724137931
"U1",1,2,"a",3,37,1,302.275,0.634575,190.125
"U1",1,3,"a",2,37,1,335.666666666667,0.65225641025641,189.435897435897
"U1",1,4,"a",6,33,1,319.666666666667,0.626512820512821,206.230769230769
"U1",1,5,"p",0,57,1,298.298245614035,0.643701754385965,211.052631578947
"U2",1,1,"p",0,60,0,262.583333333333,0.794766666666667,239.4
"U2",1,2,"a",1,39,0,275.65,0.735225,204.175
"U2",1,3,"a",1,38,0,281.74358974359,0.752461538461538,232.589743589744
"U2",1,4,"a",3,37,0,286.375,0.749225,189.95
"U2",1,5,"p",2,57,0,234.966101694915,0.757203389830508,316.949152542373
"U3",1,1,"p",0,58,0,348.396551724138,0.883551724137931,273.293103448276
"U3",1,2,"a",0,40,0,391.9,0.81425,250.225
"U3",1,3,"a",1,39,0,392.475,0.795875,251.3
"U3",1,4,"a",2,37,0,416.769230769231,0.793333333333333,241.384615384615
"U3",1,5,"p",0,59,0,294.627118644068,0.822050847457627,265.186440677966
"U6",1,1,"p",0,56,1,338.517857142857,0.775732142857143,358.857142857143
"U6",1,2,"a",3,33,1,447.138888888889,0.836083333333333,358.333333333333
"U6",1,3,"a",3,35,1,407.552631578947,0.752947368421053,350.526315789474
"U6",1,4,"a",5,33,1,395.157894736842,0.753631578947368,356.236842105263
"U6",1,5,"p",1,58,1,311.338983050847,0.724762711864407,356.813559322034
"U8",1,1,"p",3,51,0,265.277777777778,0.873981481481481,337.981481481481
"U8",1,2,"a",6,29,0,361.114285714286,1.02197142857143,330.4
"U8",1,3,"a",8,26,0,301.588235294118,1.08820588235294,290.705882352941
"U8",1,4,"a",5,22,0,325.222222222222,0.779333333333333,248.592592592593
"U8",1,5,"p",1,48,0,259,0.747448979591837,288.122448979592
"U9",1,1,"p",3,54,1,291.59649122807,0.825754385964912,274.263157894737
"U9",1,2,"a",3,37,1,313.1,0.81395,291.625
"U9",1,3,"a",2,38,1,301.15,0.841775,275.8
"U9",1,4,"a",3,37,1,322.75,0.801625,269.925
"U9",1,5,"p",1,55,1,279.089285714286,0.80125,271.910714285714
"V0",1,1,"p",0,60,0,253.433333333333,0.929983333333333,320.95
"V0",1,2,"a",4,36,0,291.15,0.94575,294.125
"V0",1,3,"a",2,38,0,305.125,0.910625,306.625
"V0",1,4,"a",3,37,0,311.55,0.88065,275
"V0",1,5,"p",0,60,0,262.416666666667,0.924133333333333,308.95
"V1",1,1,"p",0,58,1,325.01724137931,0.811793103448276,206.344827586207
"V1",1,2,"a",3,36,1,416.666666666667,0.711794871794872,199.512820512821
"V1",1,3,"a",4,34,1,399,0.543578947368421,165.210526315789
"V1",1,4,"a",5,29,1,377.676470588235,0.501441176470588,153.735294117647
"V1",1,5,"p",0,47,1,321.276595744681,0.645382978723404,178.31914893617
"V2",1,1,"p",2,55,0,282.877192982456,0.857105263157895,268.421052631579
"V2",1,2,"a",19,20,0,357.051282051282,0.73474358974359,233.794871794872
"V2",1,3,"a",5,30,0,401.257142857143,0.796314285714286,272.8
"V2",1,4,"a",1,37,0,371.868421052632,0.759315789473684,262.5
"V2",1,5,"p",0,60,0,284.783333333333,0.82395,276.3
"V3",1,1,"p",2,53,1,480.309090909091,0.681654545454545,338.727272727273
"V3",1,2,"a",3,36,1,451.897435897436,0.739205128205128,230.948717948718
"V3",1,3,"a",3,36,1,410.615384615385,0.686230769230769,241.974358974359
"V3",1,4,"a",4,32,1,412.138888888889,0.639833333333333,350.444444444444
"V3",1,5,"p",3,55,1,452.758620689655,0.651206896551724,246.913793103448
"V4",1,1,"p",6,50,1,268.571428571429,0.660589285714286,227.428571428571
"V4",1,2,"a",5,32,1,333.675675675676,0.609594594594595,185.135135135135
"V4",1,3,"a",13,24,1,323.648648648649,0.696432432432432,199.405405405405
"V4",1,4,"a",8,27,1,353.514285714286,0.662114285714286,214.457142857143
"V4",1,5,"p",5,49,1,303.592592592593,0.674259259259259,231.148148148148
"V8",1,1,"p",0,59,0,232.186440677966,0.86564406779661,333.915254237288
"V8",1,2,"a",1,39,0,286.6,0.86905,320.875
"V8",1,3,"a",3,36,0,269.846153846154,0.847076923076923,315.410256410256
"V8",1,4,"a",2,23,0,263.68,0.79964,298.28
"V8",1,5,"p",0,58,0,209.896551724138,0.862258620689655,338.396551724138
"W0",1,1,"p",7,40,0,216.659574468085,0.674702127659574,257.808510638298
"W0",1,2,"a",12,26,0,296.842105263158,0.753078947368421,220.131578947368
"W0",1,3,"a",17,20,0,260.432432432432,0.823405405405405,295.054054054054
"W0",1,4,"a",15,19,0,223.411764705882,0.862058823529412,213.411764705882
"W0",1,5,"p",6,45,0,200.254901960784,0.874372549019608,260.333333333333
"W2",1,1,"p",7,33,1,242.475,1.087125,271.975
"W2",1,2,"a",8,27,1,319.742857142857,0.589542857142857,210.2
"W2",1,3,"a",12,25,1,324.675675675676,0.673864864864865,231.243243243243
"W2",1,4,"a",10,25,1,317.828571428571,0.674485714285714,229.485714285714
"W2",1,5,"p",3,57,1,230.95,0.814866666666667,288.1
"W3",1,1,"p",0,59,0,323.864406779661,0.853661016949153,253.203389830508
"W3",1,2,"a",1,38,0,323.948717948718,0.704205128205128,269.974358974359
"W3",1,3,"a",1,38,0,319.692307692308,0.64274358974359,245.846153846154
"W3",1,4,"a",0,39,0,305.794871794872,0.693948717948718,255.025641025641
"W3",1,5,"p",1,56,0,281.526315789474,0.750947368421053,276.614035087719
"W5",1,1,"p",3,53,1,264.517857142857,0.841428571428571,364.035714285714
"W5",1,2,"a",17,22,1,377.025641025641,0.798538461538462,353.794871794872
"W5",1,3,"a",18,21,1,333.205128205128,0.718974358974359,320.333333333333
"W5",1,4,"a",14,25,1,350.717948717949,0.76274358974359,335.128205128205
"W5",1,5,"p",1,55,1,275.125,0.831178571428571,351.892857142857
"W6",1,1,"p",3,57,1,242.433333333333,0.868516666666667,388.566666666667
"W6",1,2,"a",2,37,1,285.846153846154,0.726692307692308,389.025641025641
"W6",1,3,"a",3,36,1,296.51282051282,0.819974358974359,407
"W6",1,4,"a",6,33,1,270.230769230769,0.72925641025641,371.897435897436
"W6",1,5,"p",5,52,1,245.333333333333,0.845842105263158,390.140350877193
"W7",1,1,"p",0,60,0,255.083333333333,0.821233333333333,301.283333333333
"W7",1,2,"a",4,36,0,250.55,0.80985,264.3
"W7",1,3,"a",3,37,0,270.1,0.848575,260.775
"W7",1,4,"a",2,38,0,280.175,0.77705,255
"W7",1,5,"p",0,60,0,269.5,0.802266666666667,288.9
"W8",1,1,"p",0,56,0,262.410714285714,0.689196428571429,254.428571428571
"W8",1,2,"a",3,37,0,325.5,0.7791,292.05
"W8",1,3,"a",2,37,0,312.051282051282,0.773794871794872,238.846153846154
"W8",1,4,"a",3,36,0,332.051282051282,0.734717948717949,317.230769230769
"W8",1,5,"p",4,54,0,292.689655172414,0.723689655172414,309.086206896552
"W9",1,1,"p",2,58,0,219.7,0.871416666666667,219.333333333333
"W9",1,2,"a",2,38,0,264.65,0.812,198.375
"W9",1,3,"a",1,38,0,275.282051282051,0.749871794871795,195.25641025641
"W9",1,4,"a",1,39,0,277.375,0.794075,209.675
"W9",1,5,"p",0,58,0,242.724137931034,0.906189655172414,243.086206896552
"X0",1,1,"p",1,56,0,212.578947368421,0.943298245614035,379.122807017544
"X0",1,2,"a",7,33,0,270.475,0.851925,266.2
"X0",1,3,"a",11,26,0,264.297297297297,0.894864864864865,281.216216216216
"X0",1,4,"a",5,29,0,266.176470588235,0.906205882352941,320.029411764706
"X0",1,5,"p",2,53,0,200.545454545455,0.929054545454545,338.018181818182
"X2",1,1,"p",6,43,1,339.020408163265,0.732326530612245,310.142857142857
"X2",1,2,"a",14,22,1,347.75,0.843583333333333,307.388888888889
"X2",1,3,"a",5,33,1,342,0.875710526315789,368.078947368421
"X2",1,4,"a",6,32,1,361.026315789474,0.964052631578947,389.026315789474
"X2",1,5,"p",5,48,1,272.622641509434,0.754924528301887,281.339622641509
"X4",1,1,"p",1,55,1,239.017857142857,0.742607142857143,332.357142857143
"X4",1,2,"a",9,30,1,347.74358974359,0.563692307692308,412.025641025641
"X4",1,3,"a",8,28,1,339.194444444444,0.669111111111111,427.888888888889
"X4",1,4,"a",6,31,1,373.837837837838,0.701027027027027,463.108108108108
"X4",1,5,"p",5,52,1,263.701754385965,0.745684210526316,296.929824561404
"X5",1,1,"p",2,58,0,276.35,0.929233333333333,390.433333333333
"X5",1,2,"a",4,35,0,271.102564102564,1.004,352.871794871795
"X5",1,3,"a",1,39,0,300.975,0.966475,344.175
"X5",1,4,"a",4,34,0,320.578947368421,0.864973684210526,327.157894736842
"X5",1,5,"p",1,54,0,248.327272727273,0.814490909090909,413.945454545455
"X7",1,1,"p",1,59,0,339.483333333333,0.83525,338.55
"X7",1,2,"a",2,37,0,378.692307692308,0.799461538461538,273.230769230769
"X7",1,3,"a",0,40,0,366.725,0.82275,300.9
"X7",1,4,"a",0,39,0,362.589743589744,0.800666666666667,272.74358974359
"X7",1,5,"p",0,59,0,322.830508474576,0.838881355932203,295.847457627119
"X8",1,1,"p",0,60,0,247.866666666667,0.990866666666667,347.783333333333
"X8",1,2,"a",1,39,0,263.925,1.021225,328.325
"X8",1,3,"a",3,37,0,274.225,0.9735,315.725
"X8",1,4,"a",1,39,0,272.325,0.991325,317.125
"X8",1,5,"p",1,59,0,247.216666666667,1.02078333333333,355.9
"X9",1,1,"p",3,57,1,282.75,0.769233333333333,295.233333333333
"X9",1,2,"a",3,35,1,314.105263157895,0.808421052631579,399.789473684211
"X9",1,3,"a",3,36,1,325.641025641026,0.776692307692308,302.307692307692
"X9",1,4,"a",3,29,1,306.59375,0.7514375,301.0625
"X9",1,5,"p",3,55,1,283.534482758621,0.758034482758621,284.431034482759
"Y0",1,1,"p",1,56,1,356.842105263158,0.892228070175439,270.263157894737
"Y0",1,2,"a",1,37,1,469.026315789474,0.891,235.631578947368
"Y0",1,3,"a",3,34,1,473.459459459459,0.839594594594595,242.351351351351
"Y0",1,4,"a",1,36,1,530.27027027027,0.825459459459459,250.432432432432
"Y0",1,5,"p",0,57,1,408.245614035088,0.86219298245614,274.228070175439
"Y2",1,1,"p",3,56,1,326.118644067797,0.791440677966102,265.949152542373
"Y2",1,2,"a",0,33,1,350.69696969697,0.834939393939394,267.484848484848
"Y2",1,3,"a",3,37,1,337.7,0.78875,272.5
"Y2",1,4,"a",4,35,1,352.717948717949,0.743897435897436,241.692307692308
"Y2",1,5,"p",2,56,1,309.293103448276,0.792689655172414,247.396551724138
"Y3",1,1,"p",4,43,1,264.617021276596,0.759042553191489,377.68085106383
"Y3",1,2,"a",16,20,1,332.333333333333,0.605444444444444,311.305555555556
"Y3",1,5,"p",8,41,1,228.897959183673,0.653122448979592,399.020408163265
"Y4",1,1,"p",3,52,1,263.345454545455,0.7032,240.218181818182
"Y4",1,2,"a",16,18,1,306.176470588235,0.566058823529412,194.294117647059
"Y4",1,3,"a",11,18,1,312.965517241379,0.543586206896552,198.137931034483
"Y4",1,4,"a",13,23,1,335.388888888889,0.729111111111111,222.555555555556
"Y4",1,5,"p",2,50,1,237.596153846154,0.781461538461538,262.711538461538
"Y5",1,1,"p",0,56,0,260.732142857143,0.757642857142857,241.357142857143
"Y5",1,2,"a",4,36,0,332.875,0.88995,286.4
"Y5",1,3,"a",5,35,0,341.7,0.790825,242.425
"Y5",1,4,"a",4,35,0,332,0.738512820512821,239.25641025641
"Y5",1,5,"p",0,60,0,279,0.848983333333333,277
"Y6",1,1,"p",1,51,1,289.961538461538,0.686365384615385,232.576923076923
"Y6",1,2,"a",17,21,1,342.157894736842,0.716868421052632,195.921052631579
"Y6",1,3,"a",6,30,1,348.083333333333,0.786888888888889,263.777777777778
"Y6",1,4,"a",12,27,1,318.897435897436,0.730358974358974,219.538461538462
"Y6",1,5,"p",8,46,1,274.111111111111,0.759259259259259,245.185185185185
"Y8",1,1,"p",0,60,1,342.35,0.886733333333333,411.25
"Y8",1,2,"a",1,39,1,404.725,0.68455,332.175
"Y8",1,3,"a",1,39,1,352.85,0.7587,337.55
"Y8",1,4,"a",0,40,1,385.35,0.834825,368.8
"Y8",1,5,"p",0,59,1,308.372881355932,0.904576271186441,522.118644067797
"Y9",1,1,"p",0,60,0,277.783333333333,0.949783333333333,299.75
"Y9",1,2,"a",0,40,0,348.75,0.9009,289.075
"Y9",1,3,"a",0,40,0,341.825,0.865475,279.45
"Y9",1,4,"a",1,39,0,372.275,0.86435,278.975
"Y9",1,5,"p",0,60,0,257.616666666667,0.930333333333333,302.6
"Z1",1,1,"p",0,59,0,329.322033898305,0.961966101694915,297.694915254237
"Z1",1,2,"a",3,37,0,302.575,0.857875,228.375
"Z1",1,3,"a",2,38,0,323.325,0.754575,214.2
"Z1",1,4,"a",1,38,0,327.923076923077,0.82651282051282,250.282051282051
"Z1",1,5,"p",0,59,0,318.830508474576,0.897491525423729,325.220338983051
"Z2",1,1,"p",5,40,1,344,0.935244444444444,305.955555555556
"Z2",1,2,"a",3,25,1,449.178571428571,0.824107142857143,259.571428571429
"Z2",1,3,"a",16,21,1,387.945945945946,0.68572972972973,302.297297297297
"Z2",1,4,"a",15,23,1,355.947368421053,0.499289473684211,219.5
"Z2",1,5,"p",4,46,1,279.62,0.69646,260.74
"Z3",1,1,"p",2,57,1,259.322033898305,0.762542372881356,305.220338983051
"Z3",1,2,"a",11,25,1,290.75,0.673916666666667,362.277777777778
"Z3",1,3,"a",6,31,1,328.027027027027,0.647540540540541,284.702702702703
"Z3",1,4,"a",5,34,1,290.794871794872,0.660820512820513,324.666666666667
"Z3",1,5,"p",1,56,1,222.877192982456,0.753736842105263,314.526315789474
"Z4",1,1,"p",0,60,0,278.75,0.777283333333333,298.9
"Z4",1,2,"a",0,39,0,328.820512820513,0.732410256410256,292.461538461538
"Z4",1,3,"a",2,38,0,306,0.7374,290.725
"Z4",1,4,"a",4,36,0,324.075,0.741975,323.225
"Z4",1,5,"p",1,57,0,251.51724137931,0.788844827586207,335.534482758621
"Z5",1,1,"p",2,58,1,310.45,0.859966666666667,310.15
"Z5",1,2,"a",0,40,1,352.225,0.8998,326.65
"Z5",1,3,"a",4,35,1,356.307692307692,0.874897435897436,316.923076923077
"Z5",1,4,"a",1,39,1,320,0.8018,287.975
"Z5",1,5,"p",0,59,1,294.271186440678,0.868186440677966,331.627118644068
"Z8",1,1,"p",0,57,0,247.982456140351,0.808561403508772,337.315789473684
"Z8",1,2,"a",3,36,0,330.897435897436,0.831358974358974,339.48717948718
"Z8",1,3,"a",8,32,0,305.875,0.819775,356.05
"Z8",1,4,"a",5,31,0,321.25,0.705638888888889,347.388888888889
"Z9",1,1,"p",2,54,1,233.625,0.784267857142857,449.482142857143
"Z9",1,2,"a",5,34,1,271.076923076923,0.701641025641026,373.179487179487
"Z9",1,3,"a",7,33,1,289.375,0.770175,391.775
"Z9",1,4,"a",6,33,1,287.205128205128,0.783666666666667,390.846153846154
"Z9",1,5,"p",4,54,1,249.758620689655,0.733413793103448,395.448275862069
"A1",2,1,"p",0,60,1,419,0.814816666666667,286.666666666667
"A1",2,2,"a",3,37,1,376.825,0.787275,318.8
"A1",2,3,"a",1,38,1,371.461538461538,0.753205128205128,301.974358974359
"A1",2,4,"a",2,38,1,415.25,0.765525,299.475
"A1",2,5,"p",0,59,1,379.627118644068,0.815627118644068,308.457627118644
"A7",2,1,"p",3,57,0,238.55,0.8607,351.516666666667
"A7",2,2,"a",3,37,0,301.225,0.834475,341.475
"A7",2,3,"a",4,34,0,290.157894736842,0.800289473684211,325.894736842105
"A7",2,4,"a",5,34,0,289.358974358974,0.800282051282051,300.025641025641
"A7",2,5,"p",3,54,0,232.736842105263,0.815280701754386,351.947368421053
"A8",2,1,"p",0,60,1,266.466666666667,0.77865,283.616666666667
"A8",2,2,"a",3,37,1,335.45,0.810575,295.4
"A8",2,3,"a",3,37,1,296.025,0.770625,281.175
"A8",2,4,"a",2,36,1,297,0.774657894736842,283.052631578947
"A8",2,5,"p",2,58,1,244.95,0.786666666666667,298.333333333333
"B1",2,1,"p",3,57,1,315.2,0.817966666666667,281.233333333333
"B1",2,2,"a",1,39,1,361.65,0.865,275.825
"B1",2,3,"a",1,39,1,346.325,0.89235,263.9
"B1",2,4,"a",1,39,1,355.75,0.79415,269.625
"B1",2,5,"p",1,57,1,316.775862068966,0.846344827586207,275.275862068966
"B6",2,1,"p",12,45,1,260.947368421053,0.70259649122807,297.473684210526
"B6",2,2,"a",4,33,1,296.486486486487,0.718567567567568,315.702702702703
"B6",2,3,"a",7,33,1,261.45,0.723425,327.425
"B6",2,4,"a",8,31,1,273.923076923077,0.770410256410256,322.948717948718
"B6",2,5,"p",3,56,1,261.898305084746,0.80928813559322,337.389830508475
"B7",2,1,"p",0,60,0,249.183333333333,0.911383333333333,316.033333333333
"B7",2,2,"a",3,37,0,285.375,0.847275,314.775
"B7",2,3,"a",5,35,0,315.6,0.905125,351.6
"B7",2,4,"a",3,37,0,300.775,0.9491,335.025
"B7",2,5,"p",0,59,0,239.101694915254,0.850440677966102,332.864406779661
"B9",2,1,"p",0,59,0,285.050847457627,0.844661016949153,242.254237288136
"B9",2,2,"a",5,34,0,379.307692307692,0.768205128205128,208.205128205128
"B9",2,3,"a",1,39,0,362.175,0.762875,218.575
"B9",2,4,"a",1,38,0,390.871794871795,0.707897435897436,207.205128205128
"B9",2,5,"p",1,59,0,263.416666666667,0.818783333333333,269.883333333333
"C8",2,1,"p",2,54,0,248.178571428571,0.812285714285714,258.142857142857
"C8",2,2,"a",4,36,0,273.925,0.90925,256.45
"C8",2,3,"a",6,33,0,244.282051282051,0.81651282051282,231.717948717949
"C8",2,4,"a",5,32,0,255.054054054054,0.845189189189189,222.783783783784
"C8",2,5,"p",5,53,0,234.155172413793,0.822431034482759,280.948275862069
"D0",2,1,"p",1,58,0,281.932203389831,0.79671186440678,320.542372881356
"D0",2,2,"a",1,37,0,334.421052631579,0.901552631578947,277.578947368421
"D0",2,3,"a",1,39,0,330.475,0.89195,261.05
"D0",2,4,"a",1,39,0,322.025,0.904175,251.225
"D0",2,5,"p",1,58,0,288.915254237288,0.822796610169492,257.203389830508
"D1",2,1,"p",0,59,0,272.779661016949,0.790949152542373,266.203389830508
"D1",2,2,"a",1,39,0,279.575,0.851775,282.575
"D1",2,3,"a",0,40,0,267.525,0.760125,270.175
"D1",2,4,"a",1,39,0,289.65,0.7542,257.875
"D1",2,5,"p",1,59,0,268.183333333333,0.835966666666667,286.283333333333
"D3",2,1,"p",1,58,0,314.35593220339,0.805881355932203,573.406779661017
"D3",2,2,"a",2,37,0,349.820512820513,0.827846153846154,492.230769230769
"D3",2,3,"a",1,39,0,351.55,0.856625,447.025
"D3",2,4,"a",0,39,0,391.205128205128,0.766410256410256,361.589743589744
"D3",2,5,"p",1,59,0,339.883333333333,0.832316666666667,398
"D4",2,1,"p",3,51,1,305.092592592593,0.75512962962963,260.277777777778
"D4",2,2,"a",8,29,1,346.756756756757,0.778405405405405,256.081081081081
"D4",2,3,"a",3,31,1,368.558823529412,0.680735294117647,227.764705882353
"D4",2,4,"a",6,31,1,389.702702702703,0.708567567567568,226.297297297297
"D4",2,5,"p",2,46,1,292.770833333333,0.730291666666667,240.729166666667
"D5",2,1,"p",2,56,0,239.724137931034,0.736362068965517,291.741379310345
"D5",2,2,"a",0,39,0,291.615384615385,0.733666666666667,288.538461538462
"D5",2,3,"a",7,31,0,272.736842105263,0.676421052631579,282.157894736842
"D5",2,4,"a",0,37,0,293.135135135135,0.74327027027027,290.324324324324
"D5",2,5,"p",3,55,0,222.448275862069,0.767327586206897,394.293103448276
"D6",2,1,"p",0,60,0,275.15,0.853266666666667,319.483333333333
"D6",2,2,"a",1,39,0,311.85,0.97585,357.7
"D6",2,3,"a",1,37,0,294.473684210526,0.960789473684211,340.236842105263
"D6",2,4,"a",0,40,0,300.575,0.899725,308.675
"D6",2,5,"p",1,57,0,261.758620689655,0.867448275862069,342.724137931034
"D8",2,1,"p",0,59,0,244.508474576271,0.823101694915254,380.016949152542
"D8",2,2,"a",1,39,0,267.6,0.852575,362.65
"D8",2,3,"a",5,34,0,272.461538461538,0.893564102564103,374.358974358974
"D8",2,4,"a",6,34,0,250.125,0.888975,417.425
"D8",2,5,"p",1,56,0,221.701754385965,0.841578947368421,318.421052631579
"D9",2,1,"p",5,50,1,301.509090909091,0.830981818181818,400.072727272727
"D9",2,2,"a",5,33,1,371.763157894737,0.8595,425.236842105263
"D9",2,3,"a",6,30,1,353.194444444444,0.851944444444444,512.111111111111
"D9",2,4,"a",9,26,1,349.428571428571,0.7766,397.228571428571
"D9",2,5,"p",8,46,1,308.018518518519,0.886203703703704,516.388888888889
"E0",2,1,"p",1,56,1,247.701754385965,0.859421052631579,403.070175438596
"E0",2,2,"a",4,35,1,299.74358974359,0.841948717948718,394.48717948718
"E0",2,3,"a",9,30,1,280.794871794872,0.811153846153846,333.615384615385
"E0",2,4,"a",11,27,1,279.578947368421,0.734263157894737,372.842105263158
"E0",2,5,"p",3,53,1,242.321428571429,0.748017857142857,344.517857142857
"E1",2,1,"p",2,58,0,298.933333333333,0.715866666666667,522.266666666667
"E1",2,2,"a",7,33,0,293.875,0.58455,206.05
"E1",2,3,"a",5,35,0,303.675,0.54465,202.2
"E1",2,4,"a",8,32,0,288.95,0.590525,209.075
"E1",2,5,"p",0,58,0,265.689655172414,0.694896551724138,282.51724137931
"E2",2,1,"p",2,55,1,304.701754385965,0.862017543859649,229.245614035088
"E2",2,2,"a",5,35,1,396.75,0.6999,195.875
"E2",2,3,"a",10,28,1,384.526315789474,0.679394736842105,198.552631578947
"E2",2,4,"a",4,36,1,362.275,0.756425,199.65
"E2",2,5,"p",2,58,1,299.133333333333,0.7649,206.15
"E3",2,1,"p",1,58,1,364.457627118644,0.820796610169492,328.983050847458
"E3",2,2,"a",13,26,1,392.435897435897,0.70274358974359,408.358974358974
"E3",2,3,"a",6,34,1,366.75,0.698725,346.2
"E3",2,4,"a",5,34,1,378.307692307692,0.726102564102564,370.564102564103
"E3",2,5,"p",1,58,1,364.796610169492,0.762915254237288,392.542372881356
"E4",2,1,"p",2,54,1,319.375,0.740125,246
"E4",2,2,"a",12,27,1,358.974358974359,0.735153846153846,259.282051282051
"E4",2,3,"a",11,22,1,376.575757575758,0.656515151515151,210.272727272727
"E4",2,4,"a",11,26,1,352.108108108108,0.747837837837838,277.405405405405
"E4",2,5,"p",3,46,1,342.265306122449,0.84034693877551,415.183673469388
"E5",2,1,"p",8,45,1,308.754716981132,0.796905660377359,310.641509433962
"E5",2,2,"a",8,22,1,366.366666666667,0.666233333333333,306.733333333333
"E5",2,3,"a",11,22,1,365.181818181818,0.608060606060606,296.878787878788
"E5",2,4,"a",14,19,1,354.393939393939,0.519606060606061,237.939393939394
"E5",2,5,"p",7,44,1,304.705882352941,0.776058823529412,314.294117647059
"E6",2,1,"p",1,59,0,237.55,0.881183333333333,306.666666666667
"E6",2,2,"a",2,38,0,273.475,0.9221,365.25
"E6",2,3,"a",2,38,0,289,0.805225,297.725
"E6",2,4,"a",6,33,0,268.871794871795,0.76574358974359,371.461538461538
"E6",2,5,"p",0,56,0,258,0.791410714285714,322.714285714286
"E8",2,1,"p",3,52,0,380.127272727273,0.709963636363636,231.654545454545
"E8",2,2,"a",2,38,0,416.45,0.8268,247.05
"E8",2,3,"a",8,32,0,338.125,0.8475,241.525
"E8",2,4,"a",3,37,0,392.15,0.818175,216.2
"E8",2,5,"p",0,55,0,363.036363636364,0.764054545454545,249.945454545455
"F0",2,1,"p",3,56,1,237.033898305085,0.757847457627119,329.796610169492
"F0",2,2,"a",4,36,1,267.95,0.74575,356.975
"F0",2,3,"a",5,32,1,272.540540540541,0.682081081081081,324.675675675676
"F0",2,4,"a",7,29,1,272.5,0.658861111111111,300
"F0",2,5,"p",2,56,1,248.068965517241,0.674379310344828,354.672413793103
"F1",2,1,"p",3,54,0,244.754385964912,0.85719298245614,613.614035087719
"F1",2,2,"a",3,34,0,302.513513513513,0.898108108108108,382.675675675676
"F1",2,3,"a",4,35,0,253.74358974359,0.794051282051282,667.128205128205
"F1",2,4,"a",1,39,0,277.85,0.8666,437.575
"F1",2,5,"p",0,59,0,231.576271186441,0.863508474576271,415.694915254237
"F8",2,1,"p",3,54,1,277.263157894737,0.838982456140351,360.087719298246
"F8",2,2,"a",9,27,1,307.555555555556,0.748111111111111,334.805555555556
"F8",2,3,"a",6,33,1,323.615384615385,0.831641025641026,365.076923076923
"F8",2,4,"a",3,36,1,319.871794871795,0.854769230769231,374.948717948718
"F8",2,5,"p",3,51,1,287.12962962963,0.863703703703704,401.759259259259
"G1",2,1,"p",0,60,0,286.883333333333,0.787166666666667,255.366666666667
"G1",2,2,"a",1,39,0,287.675,0.80755,233
"G1",2,3,"a",1,38,0,298.51282051282,0.762384615384615,227.128205128205
"G1",2,4,"a",1,39,0,294.625,0.756975,216.925
"G1",2,5,"p",1,59,0,299.266666666667,0.7904,244.9
"G2",2,1,"p",0,58,1,322.948275862069,0.851258620689655,318.724137931034
"G2",2,2,"a",6,34,1,332.525,0.7597,250.45
"G2",2,3,"a",5,33,1,348.289473684211,0.813894736842105,300.868421052632
"G2",2,4,"a",5,35,1,347.275,0.8695,243.725
"G2",2,5,"p",2,54,1,284.607142857143,0.744107142857143,305.982142857143
"G6",2,1,"p",2,57,1,390.796610169492,0.676220338983051,264.016949152542
"G6",2,2,"a",9,24,1,421.787878787879,0.465484848484849,213.545454545455
"G6",2,3,"a",6,30,1,414.333333333333,0.598555555555556,244.527777777778
"G6",2,5,"p",2,54,1,369.625,0.555517857142857,274.214285714286
"G8",2,1,"p",0,60,0,285.466666666667,0.856733333333333,262.133333333333
"G8",2,2,"a",1,39,0,308.25,0.83635,264.7
"G8",2,3,"a",1,39,0,293.95,0.8458,256.375
"G8",2,4,"a",4,36,0,293.55,0.8255,251.5
"G8",2,5,"p",1,59,0,256.033333333333,0.839433333333333,261.2
"H1",2,1,"p",5,51,0,267.160714285714,0.811785714285714,459.696428571429
"H1",2,2,"a",5,32,0,303.540540540541,0.759783783783784,387.945945945946
"H1",2,3,"a",7,30,0,335.864864864865,0.835162162162162,450.459459459459
"H1",2,4,"a",7,28,0,316.057142857143,0.7936,378.514285714286
"H1",2,5,"p",4,51,0,270.436363636364,0.833981818181818,359.454545454545
"H3",2,1,"p",0,60,1,346.283333333333,0.864083333333333,402.166666666667
"H3",2,2,"a",0,39,1,428.48717948718,0.790666666666667,316.205128205128
"H3",2,3,"a",3,37,1,428.9,0.837325,366.975
"H3",2,4,"a",4,34,1,387.184210526316,0.817078947368421,370.815789473684
"H3",2,5,"p",3,55,1,358.01724137931,0.793586206896552,307.706896551724
"H5",2,1,"p",1,55,1,266.678571428571,0.809142857142857,275.375
"H5",2,2,"a",3,36,1,271.820512820513,0.668846153846154,286.128205128205
"H5",2,3,"a",7,29,1,272.111111111111,0.639083333333333,268.888888888889
"H5",2,4,"a",9,29,1,252.894736842105,0.614552631578947,219.184210526316
"H5",2,5,"p",4,48,1,258.365384615385,0.747711538461538,278.711538461538
"H7",2,1,"p",0,59,0,268.135593220339,0.844033898305085,309.406779661017
"H7",2,2,"a",2,37,0,314.48717948718,0.761564102564103,309.692307692308
"H7",2,3,"a",3,34,0,372.513513513513,0.706837837837838,243.864864864865
"H7",2,4,"a",3,36,0,348.230769230769,0.681128205128205,235.076923076923
"H7",2,5,"p",2,52,0,278.407407407407,0.780148148148148,257.037037037037
"H8",2,1,"p",1,57,0,302.051724137931,0.857896551724138,317.724137931034
"H8",2,2,"a",7,31,0,303.578947368421,0.72928947368421,347.526315789474
"H8",2,3,"a",4,35,0,369.128205128205,0.695538461538462,395.230769230769
"H8",2,4,"a",6,32,0,355.078947368421,0.772026315789474,475.921052631579
"H8",2,5,"p",1,55,0,276.5,0.821821428571429,312.142857142857
"H9",2,1,"p",1,59,0,287.866666666667,0.776883333333333,338.483333333333
"H9",2,2,"a",3,36,0,351.435897435897,0.739307692307692,323.282051282051
"H9",2,3,"a",5,33,0,348.578947368421,0.697394736842105,286.131578947368
"H9",2,4,"a",3,36,0,448.897435897436,0.750538461538461,340.871794871795
"H9",2,5,"p",0,59,0,309.440677966102,0.812932203389831,389.610169491525
"I1",2,1,"p",3,56,0,323.745762711864,0.840508474576271,300.610169491525
"I1",2,2,"a",1,39,0,318.525,0.919175,303.95
"I1",2,3,"a",2,38,0,335.675,0.9608,350.675
"I1",2,4,"a",2,37,0,332.051282051282,0.905717948717949,343.230769230769
"I1",2,5,"p",0,59,0,322.271186440678,0.835864406779661,330.305084745763
"I3",2,1,"p",0,60,1,287.7,0.856483333333333,331.35
"I3",2,2,"a",1,39,1,382.05,0.8878,305.875
"I3",2,3,"a",0,39,1,350.307692307692,0.912384615384615,307.846153846154
"I3",2,4,"a",0,40,1,335.275,0.902775,309.825
"I3",2,5,"p",0,60,1,281.55,0.914033333333333,332.983333333333
"I4",2,1,"p",4,48,1,329.961538461538,0.716769230769231,280.961538461538
"I4",2,2,"a",3,36,1,320.307692307692,0.773,312.307692307692
"I4",2,3,"a",2,37,1,337.128205128205,0.809282051282051,338.74358974359
"I4",2,4,"a",7,31,1,344.842105263158,0.824947368421053,297.342105263158
"I5",2,1,"p",0,60,0,250.15,0.774016666666667,293.783333333333
"I5",2,2,"a",4,36,0,274.7,0.75395,320.8
"I5",2,3,"a",11,27,0,266.184210526316,0.793842105263158,387.342105263158
"I5",2,4,"a",6,32,0,245.289473684211,0.700157894736842,278.631578947368
"I5",2,5,"p",4,54,0,215.310344827586,0.726672413793103,323.51724137931
"I6",2,1,"p",0,60,1,310.133333333333,0.770516666666667,288.033333333333
"I6",2,2,"a",1,39,1,313.8,0.67195,252.1
"I6",2,3,"a",3,36,1,316.692307692308,0.655794871794872,247.051282051282
"I6",2,4,"a",2,38,1,318.9,0.601825,232.25
"I6",2,5,"p",1,58,1,301.474576271186,0.724576271186441,277.932203389831
"I7",2,1,"p",4,53,0,287.649122807018,0.752263157894737,307.087719298246
"I7",2,2,"a",10,29,0,282.538461538462,0.777897435897436,320.461538461538
"I7",2,3,"a",11,28,0,272.948717948718,0.728025641025641,290.025641025641
"I7",2,4,"a",9,31,0,280.4,0.791,306.8
"I7",2,5,"p",4,50,0,234.574074074074,0.759833333333333,320.962962962963
"I9",2,1,"p",5,42,1,192.829787234043,0.868808510638298,379.63829787234
"I9",2,2,"a",18,22,1,218.9,0.819975,365.975
"I9",2,3,"a",14,23,1,259.405405405405,0.721864864864865,347.621621621622
"I9",2,4,"a",7,29,1,276.555555555556,0.738416666666667,319.75
"I9",2,5,"p",9,44,1,175.415094339623,0.767509433962264,360.339622641509
"J4",2,1,"p",0,59,0,208.423728813559,0.767542372881356,281.457627118644
"J4",2,2,"a",4,35,0,261.641025641026,0.808948717948718,316.948717948718
"J4",2,3,"a",5,35,0,274.3,0.7582,278.2
"J4",2,4,"a",1,39,0,262.6,0.788675,287.4
"J4",2,5,"p",0,60,0,228.283333333333,0.7826,280.5
"J5",2,1,"p",0,58,0,274.672413793103,0.887310344827586,343.98275862069
"J5",2,2,"a",2,36,0,367.210526315789,0.926605263157895,335.447368421053
"J5",2,3,"a",7,33,0,325.475,0.763025,289
"J5",2,4,"a",6,34,0,336.75,0.82635,315.85
"J5",2,5,"p",0,58,0,262.206896551724,0.794051724137931,323.051724137931
"J6",2,1,"p",0,60,1,238.483333333333,0.839916666666667,330.966666666667
"J6",2,2,"a",2,38,1,352.225,0.68685,295.2
"J6",2,3,"a",3,37,1,348.575,0.682225,306.2
"J6",2,4,"a",4,36,1,316.575,0.67545,298.65
"J6",2,5,"p",0,58,1,259.327586206897,0.843224137931034,349.448275862069
"J8",2,1,"p",1,59,0,274.05,0.7954,359.833333333333
"J8",2,2,"a",4,34,0,303.026315789474,0.876052631578947,420.578947368421
"J8",2,3,"a",3,36,0,304.897435897436,0.802,310.897435897436
"J8",2,4,"a",5,31,0,313.555555555556,0.770555555555556,387.027777777778
"J8",2,5,"p",2,54,0,269.053571428571,0.831125,368.357142857143
"J9",2,1,"p",3,52,1,243.418181818182,0.818709090909091,309.909090909091
"J9",2,2,"a",4,33,1,322.378378378378,0.918,296.702702702703
"J9",2,3,"a",3,35,1,287.868421052632,0.938157894736842,288.605263157895
"J9",2,4,"a",9,30,1,248.666666666667,0.805794871794872,257.230769230769
"J9",2,5,"p",2,54,1,247.660714285714,0.804035714285714,275.714285714286
"K1",2,1,"p",6,50,1,338.875,0.788589285714286,269.303571428571
"K1",2,2,"a",10,25,1,359.2,0.823228571428571,276.457142857143
"K1",2,3,"a",11,20,1,324.290322580645,0.578677419354839,299.548387096774
"K1",2,4,"a",9,22,1,332.709677419355,0.598838709677419,292.483870967742
"K1",2,5,"p",11,41,1,314.884615384615,0.707961538461538,271.826923076923
"K2",2,1,"p",0,56,1,353.517857142857,0.642589285714286,194.785714285714
"K2",2,2,"a",3,35,1,399.184210526316,0.577578947368421,187.710526315789
"K2",2,3,"a",5,34,1,431.589743589744,0.609230769230769,183.025641025641
"K2",2,4,"a",6,33,1,397.974358974359,0.581846153846154,187.794871794872
"K2",2,5,"p",1,57,1,367.01724137931,0.621568965517241,175.155172413793
"K3",2,1,"p",4,56,1,236.133333333333,0.760916666666667,266.75
"K3",2,2,"a",2,36,1,291.894736842105,0.698736842105263,232.421052631579
"K3",2,3,"a",7,33,1,259.525,0.885575,545.8
"K3",2,4,"a",3,37,1,290.575,0.762475,347.675
"K3",2,5,"p",2,54,1,235.089285714286,0.751464285714286,254.625
"K4",2,1,"p",0,59,0,276.338983050847,0.844864406779661,337.830508474576
"K4",2,2,"a",5,35,0,296.6,0.780025,288.2
"K4",2,3,"a",2,38,0,306.575,0.768175,293.55
"K4",2,4,"a",7,33,0,298.225,0.768125,300.875
"K4",2,5,"p",1,57,0,227.758620689655,0.7935,293.793103448276
"K5",2,1,"p",3,53,1,355.107142857143,0.789857142857143,343.946428571429
"K5",2,2,"a",3,36,1,385.230769230769,0.759897435897436,315.717948717949
"K5",2,3,"a",3,37,1,376.575,0.8034,332.85
"K5",2,4,"a",1,37,1,387.763157894737,0.824842105263158,346.5
"K5",2,5,"p",0,58,1,367.672413793103,0.819275862068966,329.448275862069
"K6",2,1,"p",1,58,0,241.864406779661,0.924525423728814,301.203389830508
"K6",2,2,"a",4,36,0,261.175,0.870375,283.3
"K6",2,3,"a",5,31,0,265.805555555556,0.899555555555556,282.333333333333
"K6",2,4,"a",4,36,0,267.7,0.89065,253.05
"K6",2,5,"p",0,59,0,246.593220338983,0.955949152542373,312.118644067797
"L0",2,1,"p",6,50,1,344.946428571429,0.648803571428571,253.625
"L0",2,2,"a",5,34,1,457.358974358974,0.685948717948718,217.589743589744
"L0",2,3,"a",4,34,1,410.473684210526,0.787,248.078947368421
"L0",2,4,"a",1,39,1,438.6,0.72815,236.3
"L0",2,5,"p",1,58,1,353.254237288136,0.745406779661017,240.440677966102
"L1",2,2,"a",3,37,1,403.35,0.759725,371
"L1",2,3,"a",1,39,1,409.275,0.80645,349.475
"L1",2,4,"a",3,37,1,378.025,0.734,301.75
"L1",2,5,"p",2,57,1,352.728813559322,0.770322033898305,348.525423728814
"L4",2,1,"p",0,58,0,305.5,0.766827586206897,386.810344827586
"L4",2,2,"a",4,32,0,330.805555555556,0.744305555555556,382.25
"L4",2,3,"a",0,36,0,351.222222222222,0.762666666666667,491.222222222222
"L4",2,4,"a",3,37,0,345.85,0.702225,310.125
"L4",2,5,"p",3,56,0,326.576271186441,0.770813559322034,335.237288135593
"L6",2,1,"p",0,60,1,330.55,0.784716666666667,350.466666666667
"L6",2,2,"a",3,37,1,317.45,0.70315,329.825
"L6",2,3,"a",2,38,1,322.225,0.74445,341.65
"L6",2,4,"a",7,33,1,310.55,0.698975,321.85
"L6",2,5,"p",4,56,1,312.833333333333,0.709733333333333,321.4
"M1",2,1,"p",0,60,0,156.233333333333,0.69285,245.966666666667
"M1",2,2,"a",19,21,0,217.5,0.622525,239.975
"M1",2,4,"a",18,22,0,251.125,0.661425,255.175
"M1",2,5,"p",0,60,0,176.966666666667,0.729816666666667,256.333333333333
"M3",2,1,"p",0,60,1,318.466666666667,0.799733333333333,240.283333333333
"M3",2,2,"a",0,40,1,365.8,0.7138,215.725
"M3",2,3,"a",0,40,1,347.55,0.79185,224.6
"M3",2,4,"a",1,39,1,350,0.7658,221.025
"M3",2,5,"p",1,59,1,296.633333333333,0.828283333333333,244.983333333333
"M4",2,1,"p",2,55,1,273.017543859649,0.759315789473684,516.280701754386
"M4",2,2,"a",7,28,1,357.514285714286,0.777428571428571,743.514285714286
"M4",2,3,"a",4,33,1,380.054054054054,0.792837837837838,714.918918918919
"M4",2,4,"a",7,29,1,359.916666666667,0.620083333333333,722.916666666667
"M4",2,5,"p",1,54,1,303.145454545455,0.678381818181818,626.236363636364
"M7",2,1,"p",0,58,1,286.448275862069,0.836293103448276,347.155172413793
"M7",2,2,"a",1,39,1,296.175,0.75205,358.2
"M7",2,3,"a",0,40,1,295.55,0.7698,357.475
"M7",2,4,"a",1,37,1,299.368421052632,0.778736842105263,401.973684210526
"M7",2,5,"p",1,59,1,300.116666666667,0.849183333333333,371.25
"M8",2,1,"p",0,59,0,290.186440677966,0.84506779661017,346.016949152542
"M8",2,2,"a",2,37,0,291.48717948718,0.756128205128205,323.205128205128
"M8",2,3,"a",0,39,0,272.564102564103,0.816615384615385,314.358974358974
"M8",2,4,"a",5,35,0,246.525,0.7674,353.1
"M8",2,5,"p",0,59,0,240.254237288136,0.828237288135593,330.254237288136
"N0",2,1,"p",0,55,1,405.727272727273,0.759381818181818,220.563636363636
"N0",2,2,"a",11,25,1,446.583333333333,0.628416666666667,182.166666666667
"N0",2,3,"a",7,31,1,429.842105263158,0.560289473684211,170.894736842105
"N0",2,4,"a",6,31,1,442.783783783784,0.589972972972973,177.783783783784
"N0",2,5,"p",5,48,1,369.584905660377,0.679641509433962,192.094339622642
"N1",2,1,"p",4,52,0,299.875,0.813964285714286,478.839285714286
"N1",2,2,"a",5,34,0,351.51282051282,0.840897435897436,458.51282051282
"N1",2,3,"a",3,35,0,334.210526315789,0.857973684210526,369.342105263158
"N1",2,4,"a",6,34,0,292.3,0.957625,465.225
"N1",2,5,"p",0,59,0,293.186440677966,0.839677966101695,410.322033898305
"N2",2,1,"p",1,53,1,334.814814814815,0.702796296296296,233.407407407407
"N2",2,2,"a",5,34,1,400.74358974359,0.840487179487179,249.948717948718
"N2",2,3,"a",7,32,1,369.974358974359,0.783102564102564,244.717948717949
"N2",2,4,"a",3,36,1,395.179487179487,0.735974358974359,220.923076923077
"N2",2,5,"p",2,53,1,345.581818181818,0.728818181818182,253.581818181818
"N3",2,1,"p",0,60,0,264.916666666667,0.803133333333333,246.783333333333
"N3",2,2,"a",3,36,0,304.74358974359,0.806179487179487,259.358974358974
"N3",2,3,"a",1,37,0,301.052631578947,0.845947368421053,275.815789473684
"N3",2,4,"a",3,37,0,269.325,0.799575,256.3
"N3",2,5,"p",0,59,0,254.71186440678,0.793016949152542,274.627118644068
"N7",2,1,"p",0,60,0,250.716666666667,0.842533333333333,335.55
"N7",2,2,"a",5,35,0,256.6,0.870525,415.15
"N7",2,3,"a",10,30,0,273.05,0.856175,367.8
"N7",2,4,"a",5,34,0,306.410256410256,0.846435897435897,332.666666666667
"N7",2,5,"p",0,60,0,241.366666666667,0.876233333333333,356.366666666667
"N8",2,1,"p",0,59,1,369.661016949153,0.844,273.338983050847
"N8",2,2,"a",3,33,1,389.333333333333,0.782666666666667,367.5
"N8",2,3,"a",3,32,1,351.457142857143,0.761085714285714,278.771428571429
"N8",2,4,"a",2,36,1,384.526315789474,0.890631578947368,241.157894736842
"N8",2,5,"p",0,55,1,358.290909090909,0.842090909090909,331.127272727273
"N9",2,1,"p",0,60,1,278.85,0.837766666666667,429.566666666667
"N9",2,2,"a",1,39,1,298.75,0.698375,304.575
"N9",2,3,"a",1,39,1,316.1,0.72415,247.2
"N9",2,4,"a",3,37,1,296.95,0.804475,261.3
"N9",2,5,"p",0,60,1,248.95,0.796866666666667,306.883333333333
"P0",2,1,"p",0,60,0,251.116666666667,0.818816666666667,351.25
"P0",2,2,"a",0,38,0,339.421052631579,0.729105263157895,344.789473684211
"P0",2,3,"a",1,39,0,317.225,0.7312,341.35
"P0",2,4,"a",0,40,0,333.05,0.71815,346.275
"P0",2,5,"p",0,58,0,267.172413793103,0.791586206896552,343.155172413793
"P1",2,1,"p",3,54,1,252.385964912281,0.878982456140351,326.035087719298
"P1",2,2,"a",11,26,1,352.567567567568,0.929756756756757,361.756756756757
"P1",2,3,"a",9,29,1,310.263157894737,0.926105263157895,343.578947368421
"P1",2,4,"a",5,32,1,312,0.929648648648649,321.756756756757
"P1",2,5,"p",2,55,1,296.912280701754,0.876719298245614,347.526315789474
"P2",2,1,"p",3,42,1,225.266666666667,0.802111111111111,282.711111111111
"P2",2,2,"a",16,21,1,246.162162162162,0.82972972972973,226.756756756757
"P2",2,3,"a",13,23,1,260.611111111111,0.696055555555556,196
"P2",2,4,"a",11,24,1,317.342857142857,0.751628571428571,241.114285714286
"P2",2,5,"p",8,41,1,258.326530612245,0.728632653061224,246.897959183673
"P3",2,1,"p",0,58,1,334.034482758621,0.787241379310345,260.293103448276
"P3",2,2,"a",3,37,1,380.55,0.550775,182.175
"P3",2,3,"a",6,34,1,372.425,0.55725,185.525
"P3",2,4,"a",6,33,1,378.871794871795,0.548051282051282,246.615384615385
"P3",2,5,"p",5,53,1,320.672413793103,0.653810344827586,217.586206896552
"P9",2,1,"p",0,59,0,261.372881355932,0.815152542372881,291.237288135593
"P9",2,2,"a",0,40,0,313.9,0.73165,253.3
"P9",2,3,"a",2,37,0,286.051282051282,0.763307692307692,271.871794871795
"P9",2,4,"a",4,36,0,303.225,0.7482,226.45
"P9",2,5,"p",0,59,0,240,0.812220338983051,262.728813559322
"Q2",2,1,"p",2,57,1,271.576271186441,0.729016949152542,277.796610169492
"Q2",2,2,"a",5,35,1,421.25,0.492,243.75
"Q2",2,3,"a",5,34,1,394.435897435897,0.473487179487179,236.512820512821
"Q2",2,4,"a",4,34,1,393.684210526316,0.513815789473684,282.210526315789
"Q2",2,5,"p",4,55,1,290.016949152542,0.735474576271186,295.118644067797
"Q3",2,1,"p",6,44,0,272.94,0.7228,287.74
"Q3",2,2,"a",4,31,0,308.257142857143,0.801114285714286,308.428571428571
"Q3",2,3,"a",2,35,0,301.864864864865,0.850513513513514,287.135135135135
"Q3",2,4,"a",5,31,0,304.444444444444,0.811083333333333,318.138888888889
"Q3",2,5,"p",3,55,0,274.172413793103,0.838206896551724,320.396551724138
"Q4",2,1,"p",0,54,1,353.62962962963,0.794759259259259,201.092592592593
"Q4",2,2,"a",3,36,1,410.692307692308,0.727769230769231,186.205128205128
"Q4",2,3,"a",0,40,1,376.9,0.78285,195.425
"Q4",2,4,"a",3,31,1,369.823529411765,0.570294117647059,157.088235294118
"Q4",2,5,"p",2,54,1,361.928571428571,0.745821428571429,217.142857142857
"Q5",2,1,"p",2,57,0,347.203389830508,0.883033898305085,349.135593220339
"Q5",2,2,"a",1,39,0,339.95,0.84205,371.25
"Q5",2,3,"a",0,39,0,338.358974358974,0.831179487179487,352.410256410256
"Q5",2,4,"a",0,39,0,312.25641025641,0.903820512820513,361.051282051282
"Q5",2,5,"p",2,57,0,277.610169491525,0.804830508474576,344.203389830508
"Q6",2,1,"p",0,58,0,220.120689655172,0.769155172413793,372.620689655172
"Q6",2,2,"a",6,33,0,271.153846153846,0.758230769230769,382.871794871795
"Q6",2,3,"a",6,33,0,255.641025641026,0.750948717948718,385.769230769231
"Q6",2,4,"a",8,31,0,272.538461538462,0.722205128205128,360.871794871795
"Q6",2,5,"p",0,59,0,215.491525423729,0.747847457627119,377.186440677966
"Q9",2,1,"p",0,60,0,245.6,0.873083333333333,333.216666666667
"Q9",2,2,"a",1,39,0,273.05,0.8739,312.4
"Q9",2,3,"a",2,38,0,270.425,0.849225,308.625
"Q9",2,4,"a",0,40,0,271.1,0.8531,306.325
"Q9",2,5,"p",0,60,0,224.6,0.865616666666667,332.483333333333
"R0",2,1,"p",0,60,0,317.933333333333,0.837966666666667,298.533333333333
"R0",2,2,"a",3,37,0,264.425,0.85615,304.15
"R0",2,3,"a",1,39,0,266.1,0.786075,302.9
"R0",2,4,"a",1,39,0,287.375,0.74725,291.35
"R0",2,5,"p",0,60,0,266.866666666667,0.796033333333333,307.466666666667
"R1",2,1,"p",1,56,0,281.964912280702,0.804947368421053,281.877192982456
"R1",2,2,"a",5,34,0,325.974358974359,0.788538461538462,278.025641025641
"R1",2,3,"a",7,32,0,303.948717948718,0.703615384615385,254.179487179487
"R1",2,4,"a",8,28,0,300.277777777778,0.637527777777778,234.333333333333
"R1",2,5,"p",8,47,0,252.854545454545,0.584472727272727,227.145454545455
"R2",2,1,"p",2,54,1,260.214285714286,0.842214285714286,295.535714285714
"R2",2,2,"a",7,30,1,317.783783783784,0.790486486486486,307.891891891892
"R2",2,3,"a",9,29,1,312.184210526316,0.833473684210526,293.078947368421
"R2",2,4,"a",14,23,1,303.216216216216,0.759864864864865,279.054054054054
"R2",2,5,"p",4,52,1,259.071428571429,0.753625,257.785714285714
"R3",2,1,"p",2,56,1,366.965517241379,0.754706896551724,249.827586206897
"R3",2,2,"a",5,35,1,339.475,0.716375,238.375
"R3",2,3,"a",4,33,1,342.756756756757,0.73872972972973,288
"R3",2,4,"a",4,34,1,334.447368421053,0.627657894736842,234.131578947368
"R3",2,5,"p",1,58,1,323.271186440678,0.817033898305085,296.186440677966
"R4",2,1,"p",0,58,0,292.465517241379,0.783879310344828,332.879310344828
"R4",2,2,"a",3,34,0,370.702702702703,0.591810810810811,304.945945945946
"R4",2,3,"a",4,36,0,350.7,0.6098,322.525
"R4",2,4,"a",2,37,0,366.333333333333,0.63974358974359,291.410256410256
"R4",2,5,"p",2,57,0,269.067796610169,0.784627118644068,412.423728813559
"R8",2,1,"p",0,60,1,271.166666666667,0.75605,268.083333333333
"R8",2,2,"a",2,38,1,284.125,0.669975,251.825
"R8",2,3,"a",1,38,1,284.435897435897,0.654948717948718,247.615384615385
"R8",2,4,"a",2,38,1,282.675,0.679175,250.15
"R8",2,5,"p",1,59,1,278.8,0.74775,276.083333333333
"R9",2,1,"p",2,56,0,298.879310344828,0.808189655172414,362.01724137931
"R9",2,2,"a",3,35,0,327.526315789474,0.795026315789474,318.078947368421
"R9",2,3,"a",0,40,0,339.9,0.813025,293.9
"R9",2,4,"a",2,38,0,334.9,0.7945,322.4
"R9",2,5,"p",0,60,0,280.25,0.83105,317.116666666667
"S1",2,1,"p",1,59,0,227.733333333333,0.899033333333333,323.766666666667
"S1",2,2,"a",2,38,0,285.825,0.860275,304.925
"S1",2,3,"a",2,37,0,300.615384615385,0.854589743589744,311.128205128205
"S1",2,4,"a",1,39,0,323.125,0.829975,284.325
"S1",2,5,"p",1,59,0,245.35,0.866366666666667,304.433333333333
"S2",2,1,"p",2,58,0,278.75,0.74355,312.266666666667
"S2",2,2,"a",2,36,0,337.552631578947,0.815526315789474,300.447368421053
"S2",2,3,"a",3,37,0,332.625,0.826575,328.875
"S2",2,4,"a",2,36,0,302.552631578947,0.737605263157895,297.447368421053
"S2",2,5,"p",0,58,0,272.775862068966,0.774293103448276,340.827586206897
"S4",2,1,"p",2,50,0,357.923076923077,0.787480769230769,262.557692307692
"S4",2,2,"a",3,37,0,373.75,0.983625,331.05
"S4",2,3,"a",3,35,0,420.473684210526,0.860605263157895,234.421052631579
"S4",2,4,"a",1,39,0,466,1.009925,278.025
"S4",2,5,"p",2,56,0,405.431034482759,0.847913793103448,262.862068965517
"S5",2,1,"p",1,57,0,335.086206896552,0.887896551724138,401.275862068966
"S5",2,2,"a",0,39,0,354.641025641026,0.900717948717949,387.179487179487
"S5",2,3,"a",2,38,0,358.625,0.8681,383.05
"S5",2,4,"a",0,40,0,343.8,0.92045,419.425
"S5",2,5,"p",0,58,0,322.51724137931,0.883448275862069,436.931034482759
"S6",2,1,"p",1,59,0,250.066666666667,0.79905,364.05
"S6",2,2,"a",2,38,0,276.675,0.686425,305.85
"S6",2,3,"a",2,37,0,261.74358974359,0.718307692307692,308.102564102564
"S6",2,4,"a",1,39,0,274.25,0.680775,301.875
"S6",2,5,"p",1,58,0,240.542372881356,0.748305084745763,340.406779661017
"S7",2,1,"p",0,56,0,328.678571428571,0.851071428571429,302.517857142857
"S7",2,2,"a",4,34,0,331.657894736842,0.796473684210526,327.868421052632
"S7",2,3,"a",3,36,0,327.128205128205,0.781589743589744,309.666666666667
"S7",2,4,"a",5,33,0,336.947368421053,0.724736842105263,283.131578947368
"S7",2,5,"p",2,57,0,296.915254237288,0.797542372881356,345.610169491525
"S9",2,1,"p",0,52,1,274.557692307692,0.660211538461538,215.942307692308
"S9",2,2,"a",7,28,1,328.885714285714,0.634514285714286,199.057142857143
"S9",2,3,"a",18,20,1,275.263157894737,0.640447368421053,221.710526315789
"S9",2,4,"a",15,22,1,318.648648648649,0.619567567567568,186.459459459459
"S9",2,5,"p",9,45,1,273.037037037037,0.610148148148148,195.925925925926
"T0",2,1,"p",5,53,0,270.775862068966,0.806155172413793,350.379310344828
"T0",2,2,"a",8,32,0,300.375,0.829575,294.725
"T0",2,3,"a",4,34,0,311.105263157895,0.831868421052632,325.421052631579
"T0",2,4,"a",5,34,0,274.435897435897,0.853641025641026,289.410256410256
"T0",2,5,"p",5,52,0,265.456140350877,0.835263157894737,287.982456140351
"T5",2,1,"p",4,51,0,289.454545454545,0.791945454545455,380.909090909091
"T5",2,2,"a",6,30,0,391.055555555556,0.821055555555556,369.305555555556
"T5",2,3,"a",4,33,0,431.243243243243,0.833891891891892,356.027027027027
"T5",2,4,"a",5,30,0,414.257142857143,0.830628571428571,349.8
"T5",2,5,"p",4,51,0,275,0.749909090909091,400.854545454545
"T6",2,1,"p",10,48,1,219.379310344828,0.592120689655172,229.724137931034
"T6",2,2,"a",12,25,1,273.72972972973,0.683756756756757,247.486486486486
"T6",2,3,"a",9,29,1,299.078947368421,0.646842105263158,277.184210526316
"T6",2,4,"a",9,26,1,279.228571428571,0.687371428571429,284.428571428571
"T8",2,1,"p",1,59,0,263.033333333333,0.77845,385.6
"T8",2,2,"a",2,38,0,269.625,0.802725,370.85
"T8",2,3,"a",0,40,0,287.75,0.818175,422.675
"T8",2,4,"a",1,39,0,315.25,0.815225,364.85
"T8",2,5,"p",0,60,0,271.05,0.81745,428.8
"U1",2,1,"p",1,55,1,286.589285714286,0.623571428571429,209.75
"U1",2,2,"a",5,29,1,300.411764705882,0.591852941176471,186.5
"U1",2,3,"a",4,35,1,350.589743589744,0.560230769230769,173.871794871795
"U1",2,4,"a",4,33,1,317.891891891892,0.609459459459459,178.594594594595
"U1",2,5,"p",0,51,1,292.333333333333,0.646254901960784,202.529411764706
"U2",2,1,"p",0,60,0,249.1,0.824683333333333,239.183333333333
"U2",2,2,"a",0,40,0,281.225,0.74445,202.525
"U2",2,3,"a",1,39,0,288.825,0.764875,216.1
"U2",2,4,"a",2,38,0,304.275,0.725675,199.225
"U2",2,5,"p",0,59,0,257.423728813559,0.827932203389831,242.474576271186
"U3",2,1,"p",0,59,0,242.830508474576,0.824576271186441,290.661016949153
"U3",2,2,"a",1,39,0,315.575,0.83185,265.4
"U3",2,3,"a",0,40,0,318.95,0.8277,254.6
"U3",2,4,"a",4,36,0,315.325,0.8282,259.125
"U3",2,5,"p",0,60,0,249.416666666667,0.849866666666667,267.616666666667
"U6",2,1,"p",0,58,1,330.758620689655,0.770396551724138,343.120689655172
"U6",2,2,"a",3,37,1,391.05,0.86715,371.1
"U6",2,3,"a",2,37,1,390.794871794872,0.80774358974359,363.179487179487
"U6",2,4,"a",2,37,1,398.615384615385,0.765102564102564,372.179487179487
"U6",2,5,"p",1,57,1,323.155172413793,0.802224137931035,378.793103448276
"U8",2,1,"p",1,50,0,240.294117647059,0.91578431372549,285.901960784314
"U8",2,2,"a",6,28,0,356.647058823529,0.867676470588235,285.176470588235
"U8",2,3,"a",11,22,0,273.909090909091,0.870757575757576,399.969696969697
"U8",2,4,"a",9,20,0,289.241379310345,0.763793103448276,269.896551724138
"U8",2,5,"p",7,47,0,197.814814814815,0.74112962962963,266.555555555556
"U9",2,1,"p",0,59,1,296.898305084746,0.809559322033898,280.186440677966
"U9",2,2,"a",2,38,1,311.775,0.802275,283.4
"U9",2,3,"a",0,38,1,318.131578947368,0.782894736842105,263.657894736842
"U9",2,4,"a",1,38,1,337.282051282051,0.813230769230769,274.230769230769
"U9",2,5,"p",0,58,1,308.551724137931,0.822344827586207,327.758620689655
"V0",2,1,"p",0,59,0,252,0.901474576271186,314.28813559322
"V0",2,2,"a",3,37,0,264.85,0.879175,261.725
"V0",2,3,"a",1,39,0,279.65,0.8663,283.85
"V0",2,4,"a",3,37,0,265.075,0.849125,279.225
"V0",2,5,"p",0,60,0,237.733333333333,0.904933333333333,313.5
"V1",2,1,"p",1,45,1,376.739130434783,0.627717391304348,172.086956521739
"V1",2,2,"a",3,34,1,371.486486486487,0.642405405405405,185.702702702703
"V1",2,3,"a",1,36,1,425.945945945946,0.568054054054054,159.810810810811
"V1",2,4,"a",5,27,1,377.5625,0.60571875,250.71875
"V1",2,5,"p",0,47,1,330.63829787234,0.648085106382979,177.765957446808
"V2",2,1,"p",3,49,0,265.461538461538,0.608288461538462,276.519230769231
"V2",2,2,"a",3,33,0,320.444444444444,0.644222222222222,280.138888888889
"V2",2,3,"a",7,30,0,354.756756756757,0.716567567567568,200.189189189189
"V2",2,4,"a",13,26,0,300.794871794872,0.690230769230769,284.435897435897
"V2",2,5,"p",1,54,0,261.872727272727,0.775672727272727,249.109090909091
"V3",2,1,"p",4,52,1,400.696428571429,0.825785714285714,301.089285714286
"V3",2,2,"a",6,32,1,434.894736842105,0.850868421052632,256.105263157895
"V3",2,3,"a",8,29,1,360.540540540541,0.704405405405405,378.054054054054
"V3",2,4,"a",11,20,1,406.096774193548,0.670516129032258,333.483870967742
"V3",2,5,"p",1,46,1,467.255319148936,0.701765957446808,300.63829787234
"V4",2,1,"p",4,51,1,292.6,0.720109090909091,243.836363636364
"V4",2,2,"a",10,26,1,359,0.817472222222222,248.583333333333
"V4",2,3,"a",16,21,1,268.648648648649,0.627459459459459,235.243243243243
"V4",2,4,"a",18,20,1,310.736842105263,0.653342105263158,215.368421052632
"V4",2,5,"p",5,50,1,280.745454545455,0.696236363636364,263.8
"V8",2,1,"p",0,58,0,222.913793103448,0.802689655172414,321.775862068966
"V8",2,2,"a",4,36,0,245.15,0.805425,312.175
"V8",2,3,"a",1,39,0,263.75,0.7608,296
"V8",2,4,"a",2,38,0,264.9,0.764675,302.775
"V8",2,5,"p",0,60,0,230.2,0.777616666666667,309.083333333333
"W0",2,1,"p",5,46,0,248.352941176471,0.751901960784314,243.235294117647
"W0",2,2,"a",10,27,0,304.783783783784,0.84572972972973,207
"W0",2,3,"a",14,24,0,275.763157894737,0.861078947368421,199.210526315789
"W0",2,5,"p",8,47,0,220.763636363636,0.838272727272727,358.690909090909
"W2",2,1,"p",1,54,1,229.636363636364,0.790854545454545,258.418181818182
"W2",2,2,"a",10,22,1,314.84375,0.748875,287.21875
"W2",2,3,"a",5,29,1,295.088235294118,0.504,171.852941176471
"W2",2,4,"a",4,32,1,358.75,0.82325,220.555555555556
"W2",2,5,"p",7,40,1,256.553191489362,0.997765957446809,320.893617021277
"W3",2,1,"p",0,60,0,275.95,0.899283333333333,278.016666666667
"W3",2,2,"a",1,39,0,315.125,0.774775,263.1
"W3",2,3,"a",1,38,0,335.794871794872,0.717487179487179,260
"W3",2,4,"a",0,40,0,316.925,0.765625,271.25
"W3",2,5,"p",2,58,0,247.683333333333,0.830283333333333,299.766666666667
"W5",2,1,"p",0,60,1,326,0.760833333333333,312.966666666667
"W5",2,2,"a",6,33,1,397.025641025641,0.726717948717949,300.717948717949
"W5",2,3,"a",2,37,1,401.923076923077,0.717641025641026,309.923076923077
"W5",2,4,"a",2,38,1,399.875,0.77615,312.8
"W5",2,5,"p",2,57,1,298.440677966102,0.731898305084746,291.694915254237
"W6",2,1,"p",1,55,1,267.25,0.855142857142857,363.25
"W6",2,2,"a",3,35,1,292.157894736842,0.769578947368421,397.736842105263
"W6",2,3,"a",3,37,1,264.025,0.8242,409.05
"W6",2,4,"a",2,36,1,272.868421052632,0.7835,402.868421052632
"W6",2,5,"p",1,55,1,264.464285714286,0.877589285714286,421.25
"W7",2,1,"p",0,60,0,260.816666666667,0.80905,282
"W7",2,2,"a",0,40,0,260.2,0.767575,251.125
"W7",2,3,"a",2,38,0,253.425,0.76285,256
"W7",2,4,"a",0,40,0,246.375,0.7783,254.95
"W7",2,5,"p",0,60,0,236.4,0.742133333333333,283.566666666667
"W8",2,1,"p",0,54,0,309.481481481481,0.757333333333333,242.296296296296
"W8",2,2,"a",5,33,0,356,0.833578947368421,288.578947368421
"W8",2,3,"a",3,36,0,328.974358974359,0.813282051282051,260.538461538462
"W8",2,4,"a",4,36,0,348.45,0.805,265.725
"W8",2,5,"p",0,57,0,314.719298245614,0.820350877192982,265.438596491228
"W9",2,1,"p",0,60,0,241,0.822783333333333,208.116666666667
"W9",2,2,"a",1,39,0,258.8,0.72245,185.5
"W9",2,3,"a",2,37,0,261.48717948718,0.619153846153846,169.794871794872
"W9",2,4,"a",0,40,0,260.1,0.697975,179.1
"W9",2,5,"p",0,59,0,232.440677966102,0.811033898305085,219.525423728814
"X0",2,1,"p",1,59,0,215.45,0.844683333333333,290.383333333333
"X0",2,2,"a",3,33,0,265.138888888889,0.809138888888889,238.694444444444
"X0",2,3,"a",10,28,0,241.473684210526,0.777368421052632,268.789473684211
"X0",2,4,"a",5,35,0,263.225,0.8283,244.1
"X0",2,5,"p",2,54,0,210.357142857143,0.803946428571429,268.5
"X2",2,1,"p",8,48,1,276.678571428571,0.704035714285714,311.964285714286
"X2",2,2,"a",9,30,1,349.051282051282,0.757307692307692,278.564102564103
"X2",2,3,"a",13,26,1,348.358974358974,0.806333333333333,301.461538461538
"X2",2,4,"a",12,27,1,344.076923076923,0.709128205128205,293.461538461538
"X2",2,5,"p",7,30,1,249.405405405405,0.662540540540541,275.027027027027
"X4",2,2,"a",6,33,1,331.666666666667,0.631512820512821,454.538461538462
"X4",2,3,"a",7,27,1,321.441176470588,0.535911764705882,342.941176470588
"X4",2,4,"a",10,27,1,259.567567567568,0.615810810810811,657.432432432432
"X4",2,5,"p",2,50,1,300.173076923077,0.77425,322.884615384615
"X5",2,1,"p",0,59,0,277.050847457627,0.822762711864407,291.525423728814
"X5",2,2,"a",3,37,0,277.525,0.8663,293.325
"X5",2,3,"a",1,37,0,276.868421052632,0.816263157894737,300.736842105263
"X5",2,4,"a",1,38,0,281.974358974359,0.80851282051282,303.25641025641
"X5",2,5,"p",0,57,0,249.228070175439,0.76859649122807,338.087719298246
"X7",2,1,"p",0,60,0,310.533333333333,0.848966666666667,287.45
"X7",2,2,"a",0,39,0,321.384615384615,0.840025641025641,281.307692307692
"X7",2,3,"a",0,40,0,306.85,0.8227,287.675
"X7",2,4,"a",1,39,0,314.575,0.8387,281.175
"X7",2,5,"p",0,60,0,266.1,0.854433333333333,337.166666666667
"X8",2,1,"p",0,60,0,258.133333333333,1.0127,354.8
"X8",2,2,"a",0,40,0,304.9,0.98535,313.525
"X8",2,3,"a",0,40,0,306.2,0.935575,304.725
"X8",2,4,"a",0,39,0,290.25641025641,0.927589743589744,315.666666666667
"X8",2,5,"p",0,60,0,237.583333333333,0.993016666666667,347.233333333333
"X9",2,1,"p",3,56,1,288.949152542373,0.712932203389831,269.508474576271
"X9",2,2,"a",5,35,1,287.25,0.812875,309.55
"X9",2,3,"a",7,31,1,286.710526315789,0.631263157894737,280.289473684211
"X9",2,4,"a",6,31,1,296.864864864865,0.707567567567568,284.27027027027
"X9",2,5,"p",4,50,1,265.074074074074,0.645722222222222,244.907407407407
"Y0",2,1,"p",1,59,1,377.083333333333,0.88895,268.6
"Y0",2,2,"a",0,38,1,556.394736842105,0.888973684210526,245.947368421053
"Y0",2,3,"a",1,39,1,536.5,0.8888,284.575
"Y0",2,4,"a",0,39,1,570.74358974359,0.904179487179487,237.307692307692
"Y0",2,5,"p",4,55,1,388.864406779661,0.843915254237288,295.525423728814
"Y2",2,1,"p",0,59,1,357.322033898305,0.866457627118644,242.220338983051
"Y2",2,2,"a",0,39,1,362.923076923077,0.803051282051282,242.461538461538
"Y2",2,3,"a",1,39,1,344.375,0.864075,252.925
"Y2",2,4,"a",3,36,1,349.358974358974,0.818615384615385,244.487179487179
"Y2",2,5,"p",3,54,1,276.59649122807,0.775298245614035,236.350877192982
"Y3",2,1,"p",9,46,1,252.545454545455,0.621163636363636,287.945454545455
"Y3",2,2,"a",14,23,1,331.540540540541,0.72227027027027,308.972972972973
"Y3",2,5,"p",6,46,1,242.557692307692,0.662173076923077,261.903846153846
"Y4",2,1,"p",2,58,1,271.666666666667,0.806616666666667,279.816666666667
"Y4",2,2,"a",6,34,1,361.7,0.7732,237.8
"Y4",2,3,"a",9,31,1,373.05,0.777725,231.45
"Y4",2,4,"a",7,30,1,361.621621621622,0.764891891891892,207.054054054054
"Y4",2,5,"p",0,54,1,259.796296296296,0.840814814814815,263.796296296296
"Y5",2,1,"p",0,60,0,259.633333333333,0.801866666666667,260.316666666667
"Y5",2,2,"a",8,31,0,302.076923076923,0.734205128205128,396.051282051282
"Y5",2,3,"a",7,33,0,289.425,0.736875,235.15
"Y5",2,4,"a",6,34,0,298.55,0.70565,233.075
"Y5",2,5,"p",3,57,0,246.616666666667,0.684216666666667,239.833333333333
"Y6",2,1,"p",2,55,1,281.298245614035,0.720140350877193,240.052631578947
"Y6",2,2,"a",9,28,1,338.297297297297,0.769432432432432,215.432432432432
"Y6",2,3,"a",16,23,1,322.538461538462,0.680435897435897,225.641025641026
"Y6",2,4,"a",14,18,1,338.9375,0.61846875,185
"Y6",2,5,"p",6,42,1,295.104166666667,0.622833333333333,198
"Y8",2,1,"p",0,58,1,300.965517241379,0.886724137931034,359.775862068966
"Y8",2,2,"a",2,38,1,371.65,0.83005,352.875
"Y8",2,3,"a",2,38,1,358.675,0.858925,355.15
"Y8",2,4,"a",0,40,1,354.45,0.883875,352.1
"Y8",2,5,"p",0,60,1,283.083333333333,0.876016666666667,402.933333333333
"Y9",2,1,"p",0,60,0,269.8,0.849566666666667,274.333333333333
"Y9",2,2,"a",1,39,0,330,0.806625,269.85
"Y9",2,3,"a",1,39,0,366.075,0.8814,279.025
"Y9",2,4,"a",1,39,0,346.7,0.8309,269
"Y9",2,5,"p",0,59,0,251.64406779661,0.841932203389831,275.220338983051
"Z1",2,1,"p",1,59,0,293.783333333333,0.853983333333333,291.55
"Z1",2,2,"a",0,40,0,321.25,0.756675,209.2
"Z1",2,3,"a",0,39,0,320.153846153846,0.808589743589744,227.589743589744
"Z1",2,4,"a",0,40,0,340.75,0.758625,251.175
"Z1",2,5,"p",0,60,0,295.616666666667,0.904766666666667,302.066666666667
"Z2",2,1,"p",2,53,1,315.818181818182,0.672527272727273,275.745454545455
"Z2",2,2,"a",16,21,1,413.594594594595,0.586162162162162,236.459459459459
"Z2",2,3,"a",8,28,1,376.666666666667,0.517833333333333,236.111111111111
"Z2",2,5,"p",2,55,1,295.80701754386,0.805175438596491,317.087719298246
"Z3",2,1,"p",1,59,1,253.533333333333,0.777,337.083333333333
"Z3",2,2,"a",6,32,1,297.763157894737,0.775578947368421,326.736842105263
"Z3",2,3,"a",11,29,1,298.05,0.747675,315.95
"Z3",2,4,"a",6,33,1,297.25641025641,0.738358974358974,338.51282051282
"Z3",2,5,"p",0,56,1,223.446428571429,0.842803571428571,365.071428571429
"Z4",2,1,"p",2,57,0,230.949152542373,0.857220338983051,322.661016949153
"Z4",2,2,"a",3,37,0,304.35,0.83495,300.35
"Z4",2,3,"a",1,38,0,285.410256410256,0.804794871794872,297.538461538462
"Z4",2,4,"a",3,35,0,297.368421052632,0.824947368421053,292.657894736842
"Z4",2,5,"p",2,54,0,239.464285714286,0.842892857142857,330.571428571429
"Z5",2,1,"p",0,59,1,323.050847457627,0.892745762711864,317.627118644068
"Z5",2,2,"a",1,39,1,355.6,0.894625,325.65
"Z5",2,3,"a",2,38,1,317.2,0.827175,300.2
"Z5",2,4,"a",1,39,1,324.425,0.878375,340.575
"Z5",2,5,"p",1,57,1,307.275862068966,0.881379310344828,316.293103448276
"Z8",2,1,"p",1,58,0,246.661016949153,0.796864406779661,326.64406779661
"Z8",2,2,"a",2,38,0,338.2,0.800575,353.25
"Z8",2,3,"a",1,38,0,336.717948717949,0.770974358974359,329.051282051282
"Z8",2,4,"a",1,38,0,342.820512820513,0.782641025641026,358.076923076923
"Z8",2,5,"p",2,56,0,260.241379310345,0.840431034482759,330.362068965517
"Z9",2,1,"p",0,60,1,247.75,0.83805,434.866666666667
"Z9",2,2,"a",4,36,1,301.3,0.80745,450.275
"Z9",2,3,"a",9,31,1,290.15,0.779375,419.6
"Z9",2,4,"a",7,32,1,283.794871794872,0.741384615384615,443.230769230769
"Z9",2,5,"p",2,57,1,251.35593220339,0.737508474576271,445.830508474576
